id,run_uid,run_type,run_name,status,trigger_type,parent_run_id,requested_at,started_at,ended_at,created_at,updated_at,error_message,log_level
152,0b8c57ac-dda1-4a0b-8c39-3bea063aced2,PAPER_TRADING,m7_6_paper_trading_fill_152,STALE,MANUAL,,,2026-04-21T00:01:15.116843+00:00,2026-04-22T03:41:11.530143+00:00,2026-04-21T00:01:15.116843+00:00,2026-04-22T03:41:11.530143+00:00,M8.4 ops hygiene cleanup: RUNNING_WITHOUT_OUTPUT_ROWS; run 长时间 RUNNING 且无业务输出行，建议复核后标记 STALE 或 FAILED,WARN
151,ad24fcf9-bf87-4151-b7bf-22980091cc1b,PAPER_TRADING,m7_6_paper_trading_order_151,STALE,MANUAL,,,2026-04-21T00:01:15.090211+00:00,2026-04-22T03:41:11.530143+00:00,2026-04-21T00:01:15.090211+00:00,2026-04-22T03:41:11.530143+00:00,M8.4 ops hygiene cleanup: RUNNING_WITHOUT_OUTPUT_ROWS; run 长时间 RUNNING 且无业务输出行，建议复核后标记 STALE 或 FAILED,WARN
140,5009fb94-4149-464d-b54a-9e59ba1a0f59,PAPER_TRADING,bootstrap_m7_rebalance_daily_chain,STALE,MANUAL,,2026-04-21T06:00:49.076312+00:00,2026-04-21T06:00:49.141789+00:00,2026-04-22T03:45:22.191969+00:00,2026-04-21T06:00:49.133144+00:00,2026-04-22T03:45:22.191969+00:00,M8.4 ops hygiene cleanup: RUNNING_WITHOUT_OUTPUT_ROWS; run 长时间 RUNNING 且无业务输出行，建议复核后标记 STALE 或 FAILED,WARN
135,8d1905d4-1d9b-4e70-b120-64e79c1f0ad3,PAPER_TRADING,bootstrap_m7_rebalance_daily_chain,STALE,MANUAL,,2026-04-21T06:00:18.653452+00:00,2026-04-21T06:00:18.722362+00:00,2026-04-22T03:45:22.191969+00:00,2026-04-21T06:00:18.711247+00:00,2026-04-22T03:45:22.191969+00:00,M8.4 ops hygiene cleanup: RUNNING_WITHOUT_OUTPUT_ROWS; run 长时间 RUNNING 且无业务输出行，建议复核后标记 STALE 或 FAILED,WARN
130,c65c6acd-7aff-4520-9956-a1a59ea91b21,PAPER_TRADING,bootstrap_m7_paper_position_after_fill_chain,STALE,MANUAL,,2026-04-21T05:39:42.667356+00:00,2026-04-21T05:39:42.728607+00:00,2026-04-22T03:45:22.191969+00:00,2026-04-21T05:39:42.722528+00:00,2026-04-22T03:45:22.191969+00:00,M8.4 ops hygiene cleanup: RUNNING_WITHOUT_OUTPUT_ROWS; run 长时间 RUNNING 且无业务输出行，建议复核后标记 STALE 或 FAILED,WARN
129,58548952-d9cb-4ac6-b72d-8f352f36a394,PAPER_TRADING,bootstrap_m7_paper_position_after_fill_chain,STALE,MANUAL,,2026-04-21T05:39:19.568565+00:00,2026-04-21T05:39:19.651666+00:00,2026-04-22T03:45:22.191969+00:00,2026-04-21T05:39:19.629277+00:00,2026-04-22T03:45:22.191969+00:00,M8.4 ops hygiene cleanup: RUNNING_WITHOUT_OUTPUT_ROWS; run 长时间 RUNNING 且无业务输出行，建议复核后标记 STALE 或 FAILED,WARN
128,10497e18-33d0-4ca1-81f1-2384a95ea2fb,PAPER_TRADING,bootstrap_m7_paper_position_after_fill_chain,STALE,MANUAL,,2026-04-21T05:39:10.699458+00:00,2026-04-21T05:39:10.763067+00:00,2026-04-22T03:45:22.191969+00:00,2026-04-21T05:39:10.753789+00:00,2026-04-22T03:45:22.191969+00:00,M8.4 ops hygiene cleanup: RUNNING_WITHOUT_OUTPUT_ROWS; run 长时间 RUNNING 且无业务输出行，建议复核后标记 STALE 或 FAILED,WARN
127,9b5c3ae6-4834-41c1-8856-c198eb1d14ff,PAPER_TRADING,bootstrap_m7_paper_position_after_fill_chain,STALE,MANUAL,,2026-04-21T05:37:25.815752+00:00,2026-04-21T05:37:25.877133+00:00,2026-04-22T03:45:22.191969+00:00,2026-04-21T05:37:25.868724+00:00,2026-04-22T03:45:22.191969+00:00,M8.4 ops hygiene cleanup: RUNNING_WITHOUT_OUTPUT_ROWS; run 长时间 RUNNING 且无业务输出行，建议复核后标记 STALE 或 FAILED,WARN
123,50f9ea68-2dcc-4d92-a0e6-5947b151194e,PAPER_TRADING,bootstrap_m7_paper_rebalance_order_chain,STALE,MANUAL,,2026-04-21T05:21:39.630034+00:00,2026-04-21T05:21:39.693163+00:00,2026-04-22T03:45:22.191969+00:00,2026-04-21T05:21:39.685666+00:00,2026-04-22T03:45:22.191969+00:00,M8.4 ops hygiene cleanup: RUNNING_WITHOUT_OUTPUT_ROWS; run 长时间 RUNNING 且无业务输出行，建议复核后标记 STALE 或 FAILED,WARN
122,b6a4b290-93cc-4f26-ae21-2dd3cdffb724,PAPER_TRADING,bootstrap_m7_paper_rebalance_order_chain,STALE,MANUAL,,2026-04-21T05:21:10.947073+00:00,2026-04-21T05:21:11.021795+00:00,2026-04-22T03:45:22.191969+00:00,2026-04-21T05:21:11.012401+00:00,2026-04-22T03:45:22.191969+00:00,M8.4 ops hygiene cleanup: RUNNING_WITHOUT_OUTPUT_ROWS; run 长时间 RUNNING 且无业务输出行，建议复核后标记 STALE 或 FAILED,WARN
121,931da621-69df-408e-a75c-1887861511d3,PAPER_TRADING,bootstrap_m7_paper_rebalance_order_chain,STALE,MANUAL,,2026-04-21T05:20:45.032413+00:00,2026-04-21T05:20:45.098777+00:00,2026-04-22T03:45:22.191969+00:00,2026-04-21T05:20:45.090873+00:00,2026-04-22T03:45:22.191969+00:00,M8.4 ops hygiene cleanup: RUNNING_WITHOUT_OUTPUT_ROWS; run 长时间 RUNNING 且无业务输出行，建议复核后标记 STALE 或 FAILED,WARN
120,2bc7da73-6dd1-43e9-b9e8-e900bf501ed0,PAPER_TRADING,bootstrap_m7_paper_rebalance_order_chain,STALE,MANUAL,,2026-04-21T05:15:29.911944+00:00,2026-04-21T05:15:29.977810+00:00,2026-04-22T03:45:22.191969+00:00,2026-04-21T05:15:29.967061+00:00,2026-04-22T03:45:22.191969+00:00,M8.4 ops hygiene cleanup: RUNNING_WITHOUT_OUTPUT_ROWS; run 长时间 RUNNING 且无业务输出行，建议复核后标记 STALE 或 FAILED,WARN
118,df88a01f-4bee-4619-81fd-e8464bd9ac3a,PAPER_TRADING,bootstrap_m7_paper_rebalance_order_chain,STALE,MANUAL,,2026-04-21T05:09:24.404028+00:00,2026-04-21T05:09:24.488683+00:00,2026-04-22T03:45:22.191969+00:00,2026-04-21T05:09:24.458836+00:00,2026-04-22T03:45:22.191969+00:00,M8.4 ops hygiene cleanup: RUNNING_WITHOUT_OUTPUT_ROWS; run 长时间 RUNNING 且无业务输出行，建议复核后标记 STALE 或 FAILED,WARN
95,deead1ad-977c-41a3-8d27-b0cd40e568ac,paper_order,M6 Paper Order First Chain,FAILED,MANUAL,,2026-04-20T06:20:09.926241+00:00,2026-04-20T06:20:09.926241+00:00,2026-04-20T06:25:53.137638+00:00,2026-04-20T06:20:09.926241+00:00,2026-04-20T06:25:53.137638+00:00,M6 paper_order generated 0 orders; replaced by fixed order estimation logic,ERROR
56,82b64160-de8a-4a2d-b70e-460cb08467bf,DATA_SYNC,bootstrap_m3_indicator_chain,FAILED,MANUAL,,2026-04-16T07:41:24.120312+00:00,2026-04-16T07:41:24.127543+00:00,2026-04-16T07:41:24.159039+00:00,2026-04-16T07:41:24.122090+00:00,2026-04-16T07:41:24.161667+00:00,Foreign key associated with column 'analytics_instrument_indicator_snapshot.instrument_id' could not find table 'meta_instrument' with which to generate a foreign key to target column 'id',ERROR
55,d2bb0f63-11d1-43ce-8fa1-87b789a58282,DATA_SYNC,bootstrap_m3_indicator_chain,FAILED,MANUAL,,2026-04-16T07:41:15.104041+00:00,2026-04-16T07:41:15.111216+00:00,2026-04-16T07:41:15.140348+00:00,2026-04-16T07:41:15.105116+00:00,2026-04-16T07:41:15.142440+00:00,Foreign key associated with column 'analytics_instrument_indicator_snapshot.instrument_id' could not find table 'meta_instrument' with which to generate a foreign key to target column 'id',ERROR
54,7172d774-ad8c-432b-9330-2ae9048183b7,DATA_SYNC,bootstrap_m3_indicator_chain,FAILED,MANUAL,,2026-04-16T07:41:05.083871+00:00,2026-04-16T07:41:05.095220+00:00,2026-04-16T07:41:05.145766+00:00,2026-04-16T07:41:05.084476+00:00,2026-04-16T07:41:05.146761+00:00,Foreign key associated with column 'analytics_instrument_indicator_snapshot.instrument_id' could not find table 'meta_instrument' with which to generate a foreign key to target column 'id',ERROR
53,599232ff-a907-4e7b-954e-5afe68fcab2b,DATA_SYNC,bootstrap_m3_indicator_chain,FAILED,MANUAL,,2026-04-16T07:35:02.936098+00:00,2026-04-16T07:35:02.949095+00:00,2026-04-16T07:35:02.969731+00:00,2026-04-16T07:35:02.938473+00:00,2026-04-16T07:35:02.971396+00:00,"(psycopg.errors.UndefinedColumn) column af.adjust_factor does not exist
LINE 6:                 af.adjust_factor AS adjust_factor,
                        ^
[SQL: 
            SELECT
                db.instrument_id,
                db.trade_date,
                db.close AS close_price,
                af.adjust_factor AS adjust_factor,
                pl.up_limit_price AS up_limit_price,
                COALESCE(isd.trading_status, 'NO_BAR') AS trading_status
            FROM core_daily_bar db
            LEFT JOIN core_adjust_factor af
                ON af.instrument_id = db.instrument_id
               AND af.trade_date = db.trade_date
            LEFT JOIN core_price_limit_daily pl
                ON pl.instrument_id = db.instrument_id
               AND pl.trade_date = db.trade_date
            LEFT JOIN core_instrument_status_daily isd
                ON isd.instrument_id = db.instrument_id
               AND isd.trade_date = db.trade_date
            WHERE db.instrument_id = ANY(%(instrument_ids)s)
              AND db.trade_date <= %(trade_date)s
            ORDER BY db.instrument_id, db.trade_date
            ]
[parameters: {'instrument_ids': [1, 2, 508, 512, 514, 515, 516, 517, 518, 519, 520, 521, 522, 524, 525, 526, 527, 528, 529, 530, 531, 532, 533, 534, 535, 536, 537, 538, 539, 540, 541 ... (831 characters truncated) ...  5895, 5896, 5897, 5898, 5899, 5900, 5901, 5902, 5903, 5904, 5905, 5906, 5907, 5908, 5909, 5910, 5911, 5912, 5913, 5914, 5915, 5916, 5917, 5918, 5919], 'trade_date': datetime.date(2024, 1, 4)}]
(Background on this error at: https://sqlalche.me/e/20/f405)",ERROR
42,24c02b73-9dd9-4594-b7a0-01680426bd59,DATA_SYNC,bootstrap_daily_bar_first_chain,FAILED,MANUAL,,2026-04-10T03:13:18.484620+00:00,2026-04-10T03:13:18.495931+00:00,2026-04-10T03:14:16.460010+00:00,2026-04-10T03:13:18.490471+00:00,2026-04-10T03:14:16.462387+00:00,'BatchPlan' object has no attribute 'isoformat',ERROR
40,4dc6d958-2a70-4e0f-be5f-0d8667bdf9c9,DATA_SYNC,bootstrap_daily_bar_first_chain,STALE,MANUAL,,2026-04-10T01:39:41.191518+00:00,2026-04-10T01:39:41.202372+00:00,2026-04-22T03:45:22.191969+00:00,2026-04-10T01:39:41.195377+00:00,2026-04-22T03:45:22.191969+00:00,M8.4 ops hygiene cleanup: RUNNING_WITHOUT_OUTPUT_ROWS; run 长时间 RUNNING 且无业务输出行，建议复核后标记 STALE 或 FAILED,WARN
37,08057327-874d-4f46-bbfb-d13091ee6111,DATA_SYNC,bootstrap_daily_bar_first_chain,STALE,MANUAL,,2026-04-10T00:49:52.897160+00:00,2026-04-10T00:49:52.995495+00:00,2026-04-22T03:45:22.191969+00:00,2026-04-10T00:49:51.229232+00:00,2026-04-22T03:45:22.191969+00:00,M8.4 ops hygiene cleanup: RUNNING_WITHOUT_OUTPUT_ROWS; run 长时间 RUNNING 且无业务输出行，建议复核后标记 STALE 或 FAILED,WARN
36,8ea02e74-fe3e-46e5-9152-98e49dbc8b12,DATA_SYNC,bootstrap_daily_bar_first_chain,STALE,MANUAL,,2026-04-09T07:37:17.118488+00:00,2026-04-09T07:37:17.129025+00:00,2026-04-22T03:45:22.191969+00:00,2026-04-09T07:37:17.120222+00:00,2026-04-22T03:45:22.191969+00:00,M8.4 ops hygiene cleanup: RUNNING_WITHOUT_OUTPUT_ROWS; run 长时间 RUNNING 且无业务输出行，建议复核后标记 STALE 或 FAILED,WARN
35,9789eaba-4bf2-4f15-8efa-3c0018678685,DATA_SYNC,bootstrap_daily_bar_first_chain,STALE,MANUAL,,2026-04-09T07:36:32.354680+00:00,2026-04-09T07:36:32.380808+00:00,2026-04-22T03:45:22.191969+00:00,2026-04-09T07:36:32.359944+00:00,2026-04-22T03:45:22.191969+00:00,M8.4 ops hygiene cleanup: RUNNING_WITHOUT_OUTPUT_ROWS; run 长时间 RUNNING 且无业务输出行，建议复核后标记 STALE 或 FAILED,WARN
22,f6ca71a9-6008-4a78-a28c-97f2a3b124d8,DATA_SYNC,bootstrap_daily_bar_first_chain,FAILED,MANUAL,,2026-04-03T05:43:49.456076+00:00,2026-04-03T05:43:49.470192+00:00,2026-04-03T05:43:49.491371+00:00,2026-04-03T05:43:49.462603+00:00,2026-04-03T05:43:49.496532+00:00,"(psycopg.errors.UniqueViolation) duplicate key value violates unique constraint ""uq_meta_data_version__dataset_id_version""
DETAIL:  Key (dataset_id, version)=(1, v2.bootstrap.daily_bar.v1) already exists.
[SQL: INSERT INTO meta_data_version (dataset_id, vendor_id, run_id, version, as_of_date, content_hash, row_count, status, published_at) VALUES (%(dataset_id)s::BIGINT, %(vendor_id)s::BIGINT, %(run_id)s::BIGINT, %(version)s::VARCHAR, %(as_of_date)s::DATE, %(content_hash)s::VARCHAR, %(row_count)s::BIGINT, %(status)s::VARCHAR, %(published_at)s::TIMESTAMP WITH TIME ZONE) RETURNING meta_data_version.id, meta_data_version.created_at, meta_data_version.updated_at]
[parameters: {'dataset_id': 1, 'vendor_id': 4, 'run_id': 22, 'version': 'v2.bootstrap.daily_bar.v1', 'as_of_date': datetime.date(2026, 4, 3), 'content_hash': None, 'row_count': None, 'status': 'DRAFT', 'published_at': None}]
(Background on this error at: https://sqlalche.me/e/20/gkpj)",ERROR
21,a912f274-1e37-4535-919c-751b2f499456,DATA_SYNC,bootstrap_daily_bar_first_chain,STALE,MANUAL,,2026-04-03T05:16:11.885759+00:00,2026-04-03T05:16:11.896185+00:00,2026-04-22T03:45:22.191969+00:00,2026-04-03T05:16:11.890514+00:00,2026-04-22T03:45:22.191969+00:00,M8.4 ops hygiene cleanup: RUNNING_WITHOUT_OUTPUT_ROWS; run 长时间 RUNNING 且无业务输出行，建议复核后标记 STALE 或 FAILED,WARN
20,68c54ac0-d0a8-44f4-a371-bbcafe794f55,DATA_SYNC,bootstrap_daily_bar_first_chain,FAILED,MANUAL,,2026-04-03T05:13:39.415753+00:00,2026-04-03T05:13:39.433978+00:00,2026-04-03T05:13:39.455341+00:00,2026-04-03T05:13:39.421852+00:00,2026-04-03T05:13:39.458909+00:00,"(psycopg.errors.UniqueViolation) duplicate key value violates unique constraint ""uq_meta_data_version__dataset_id_version""
DETAIL:  Key (dataset_id, version)=(1, v2.bootstrap.daily_bar.v1) already exists.
[SQL: INSERT INTO meta_data_version (dataset_id, vendor_id, run_id, version, as_of_date, content_hash, row_count, status, published_at) VALUES (%(dataset_id)s::BIGINT, %(vendor_id)s::BIGINT, %(run_id)s::BIGINT, %(version)s::VARCHAR, %(as_of_date)s::DATE, %(content_hash)s::VARCHAR, %(row_count)s::BIGINT, %(status)s::VARCHAR, %(published_at)s::TIMESTAMP WITH TIME ZONE) RETURNING meta_data_version.id, meta_data_version.created_at, meta_data_version.updated_at]
[parameters: {'dataset_id': 1, 'vendor_id': 4, 'run_id': 20, 'version': 'v2.bootstrap.daily_bar.v1', 'as_of_date': datetime.date(2026, 4, 3), 'content_hash': None, 'row_count': None, 'status': 'DRAFT', 'published_at': None}]
(Background on this error at: https://sqlalche.me/e/20/gkpj)",ERROR
19,2e70e628-0f31-4d61-9d75-ef520581f8eb,DATA_SYNC,bootstrap_daily_bar_first_chain,STALE,MANUAL,,2026-04-03T05:02:39.146802+00:00,2026-04-03T05:02:39.162609+00:00,2026-04-22T03:45:22.191969+00:00,2026-04-03T05:02:39.153151+00:00,2026-04-22T03:45:22.191969+00:00,M8.4 ops hygiene cleanup: RUNNING_WITHOUT_OUTPUT_ROWS; run 长时间 RUNNING 且无业务输出行，建议复核后标记 STALE 或 FAILED,WARN
18,333a69ae-ad20-474b-a4d3-8096694f8791,DATA_SYNC,bootstrap_daily_bar_first_chain,FAILED,MANUAL,,2026-04-03T05:02:23.946428+00:00,2026-04-03T05:02:23.961308+00:00,2026-04-03T05:02:23.983094+00:00,2026-04-03T05:02:23.953182+00:00,2026-04-03T05:02:23.988925+00:00,"(psycopg.errors.UniqueViolation) duplicate key value violates unique constraint ""uq_meta_data_version__dataset_id_version""
DETAIL:  Key (dataset_id, version)=(1, v2.bootstrap.daily_bar.v1) already exists.
[SQL: INSERT INTO meta_data_version (dataset_id, vendor_id, run_id, version, as_of_date, content_hash, row_count, status, published_at) VALUES (%(dataset_id)s::BIGINT, %(vendor_id)s::BIGINT, %(run_id)s::BIGINT, %(version)s::VARCHAR, %(as_of_date)s::DATE, %(content_hash)s::VARCHAR, %(row_count)s::BIGINT, %(status)s::VARCHAR, %(published_at)s::TIMESTAMP WITH TIME ZONE) RETURNING meta_data_version.id, meta_data_version.created_at, meta_data_version.updated_at]
[parameters: {'dataset_id': 1, 'vendor_id': 4, 'run_id': 18, 'version': 'v2.bootstrap.daily_bar.v1', 'as_of_date': datetime.date(2026, 4, 3), 'content_hash': None, 'row_count': None, 'status': 'DRAFT', 'published_at': None}]
(Background on this error at: https://sqlalche.me/e/20/gkpj)",ERROR
16,1d5f64aa-8ee2-4c5b-95cc-92213dc313b1,DATA_SYNC,bootstrap_daily_bar_first_chain,FAILED,MANUAL,,2026-04-03T03:46:11.065579+00:00,2026-04-03T03:46:11.079586+00:00,2026-04-03T03:46:11.106828+00:00,2026-04-03T03:46:11.069372+00:00,2026-04-03T03:46:11.111923+00:00,"(psycopg.errors.UniqueViolation) duplicate key value violates unique constraint ""uq_meta_data_version__dataset_id_version""
DETAIL:  Key (dataset_id, version)=(1, v2.bootstrap.daily_bar.v1) already exists.
[SQL: INSERT INTO meta_data_version (dataset_id, vendor_id, run_id, version, as_of_date, content_hash, row_count, status, published_at) VALUES (%(dataset_id)s::BIGINT, %(vendor_id)s::BIGINT, %(run_id)s::BIGINT, %(version)s::VARCHAR, %(as_of_date)s::DATE, %(content_hash)s::VARCHAR, %(row_count)s::BIGINT, %(status)s::VARCHAR, %(published_at)s::TIMESTAMP WITH TIME ZONE) RETURNING meta_data_version.id, meta_data_version.created_at, meta_data_version.updated_at]
[parameters: {'dataset_id': 1, 'vendor_id': 4, 'run_id': 16, 'version': 'v2.bootstrap.daily_bar.v1', 'as_of_date': datetime.date(2026, 4, 3), 'content_hash': None, 'row_count': None, 'status': 'DRAFT', 'published_at': None}]
(Background on this error at: https://sqlalche.me/e/20/gkpj)",ERROR
14,b88e6391-3957-463f-92de-b683072e2a30,DATA_SYNC,bootstrap_daily_bar_first_chain,FAILED,MANUAL,,2026-04-03T02:20:27.082551+00:00,2026-04-03T02:20:27.096866+00:00,2026-04-03T02:22:11.555113+00:00,2026-04-03T02:20:27.086598+00:00,2026-04-03T02:22:11.558707+00:00,"This Session's transaction has been rolled back due to a previous exception during flush. To begin a new transaction with this Session, first issue Session.rollback(). Original exception was: (psycopg.errors.InFailedSqlTransaction) current transaction is aborted, commands ignored until end of transaction block
[SQL: INSERT INTO data_quality_issue (data_sync_run_id, batch_id, theme_code, dataset_code, layer_code, issue_code, severity, business_key, provider_name, trade_date, symbol, record_ref, issue_detail, created_at) VALUES (%(data_sync_run_id)s::BIGINT, %(batch_id)s::BIGINT, %(theme_code)s::VARCHAR, %(dataset_code)s::VARCHAR, %(layer_code)s::VARCHAR, %(issue_code)s::VARCHAR, %(severity)s::VARCHAR, %(business_key)s::VARCHAR, %(provider_name)s::VARCHAR, %(trade_date)s::DATE, %(symbol)s::VARCHAR, %(record_ref)s::JSON, %(issue_detail)s::JSON, %(created_at)s::TIMESTAMP WITHOUT TIME ZONE) RETURNING data_quality_issue.id]
[parameters: {'data_sync_run_id': 26, 'batch_id': 134, 'theme_code': 'DailyBar', 'dataset_code': 'daily_bar', 'layer_code': 'STAGING', 'issue_code': 'UNHANDLED_EXCEPTION', 'severity': 'ERROR', 'business_key': None, 'provider_name': 'baostock', 'trade_date': datetime.date(2024, 1, 2), 'symbol': '000001', 'record_ref': Json(None), 'issue_detail': Json({'error': '(psycopg.errors.Undefine ... (1783 chars)), 'created_at': datetime.datetime(2026, 4, 3, 2, 22, 11, 548664)}]
(Background on this error at: https://sqlalche.me/e/20/2j85) (Background on this error at: https://sqlalche.me/e/20/7s2a)",ERROR
13,911b38db-e694-4ef9-bf61-aaef5ffe7eae,DATA_SYNC,bootstrap_daily_bar_first_chain,FAILED,MANUAL,,2026-04-03T02:20:14.242140+00:00,2026-04-03T02:20:14.251716+00:00,2026-04-03T02:20:14.272347+00:00,2026-04-03T02:20:14.244726+00:00,2026-04-03T02:20:14.273702+00:00,"(psycopg.errors.UniqueViolation) duplicate key value violates unique constraint ""uq_meta_data_version__dataset_id_version""
DETAIL:  Key (dataset_id, version)=(1, v2.bootstrap.daily_bar.v1) already exists.
[SQL: INSERT INTO meta_data_version (dataset_id, vendor_id, run_id, version, as_of_date, content_hash, row_count, status, published_at) VALUES (%(dataset_id)s::BIGINT, %(vendor_id)s::BIGINT, %(run_id)s::BIGINT, %(version)s::VARCHAR, %(as_of_date)s::DATE, %(content_hash)s::VARCHAR, %(row_count)s::BIGINT, %(status)s::VARCHAR, %(published_at)s::TIMESTAMP WITH TIME ZONE) RETURNING meta_data_version.id, meta_data_version.created_at, meta_data_version.updated_at]
[parameters: {'dataset_id': 1, 'vendor_id': 4, 'run_id': 13, 'version': 'v2.bootstrap.daily_bar.v1', 'as_of_date': datetime.date(2026, 4, 3), 'content_hash': None, 'row_count': None, 'status': 'DRAFT', 'published_at': None}]
(Background on this error at: https://sqlalche.me/e/20/gkpj)",ERROR
12,863eb707-e170-47f7-80a8-8ba4c225df25,DATA_SYNC,bootstrap_daily_bar_first_chain,FAILED,MANUAL,,2026-04-03T02:17:56.835569+00:00,2026-04-03T02:17:56.847282+00:00,2026-04-03T02:18:50.637117+00:00,2026-04-03T02:17:56.840576+00:00,2026-04-03T02:18:50.641870+00:00,"This Session's transaction has been rolled back due to a previous exception during flush. To begin a new transaction with this Session, first issue Session.rollback(). Original exception was: (psycopg.errors.InFailedSqlTransaction) current transaction is aborted, commands ignored until end of transaction block
[SQL: INSERT INTO data_quality_issue (data_sync_run_id, batch_id, theme_code, dataset_code, layer_code, issue_code, severity, business_key, provider_name, trade_date, symbol, record_ref, issue_detail, created_at) VALUES (%(data_sync_run_id)s::BIGINT, %(batch_id)s::BIGINT, %(theme_code)s::VARCHAR, %(dataset_code)s::VARCHAR, %(layer_code)s::VARCHAR, %(issue_code)s::VARCHAR, %(severity)s::VARCHAR, %(business_key)s::VARCHAR, %(provider_name)s::VARCHAR, %(trade_date)s::DATE, %(symbol)s::VARCHAR, %(record_ref)s::JSON, %(issue_detail)s::JSON, %(created_at)s::TIMESTAMP WITHOUT TIME ZONE) RETURNING data_quality_issue.id]
[parameters: {'data_sync_run_id': 23, 'batch_id': 129, 'theme_code': 'TradingCalendar', 'dataset_code': 'trading_calendar', 'layer_code': 'CORE', 'issue_code': 'TRADING_CALENDAR_UPSERT_FAILED', 'severity': 'ERROR', 'business_key': 'SSE:2010-01-01', 'provider_name': 'baostock', 'trade_date': '2010-01-01', 'symbol': 'SSE', 'record_ref': Json(None), 'issue_detail': Json({'error': ""(psycopg.errors.Undefine ... (1058 chars)), 'created_at': datetime.datetime(2026, 4, 3, 2, 18, 50, 626586)}]
(Background on this error at: https://sqlalche.me/e/20/2j85) (Background on this error at: https://sqlalche.me/e/20/7s2a)",ERROR
11,1c092d68-2411-408c-b973-6862da7aed19,DATA_SYNC,bootstrap_daily_bar_first_chain,FAILED,MANUAL,,2026-04-03T02:16:34.677515+00:00,2026-04-03T02:16:34.701793+00:00,2026-04-03T02:17:25.283569+00:00,2026-04-03T02:16:34.680378+00:00,2026-04-03T02:17:25.286904+00:00,"This Session's transaction has been rolled back due to a previous exception during flush. To begin a new transaction with this Session, first issue Session.rollback(). Original exception was: (psycopg.errors.InFailedSqlTransaction) current transaction is aborted, commands ignored until end of transaction block
[SQL: INSERT INTO data_quality_issue (data_sync_run_id, batch_id, theme_code, dataset_code, layer_code, issue_code, severity, business_key, provider_name, trade_date, symbol, record_ref, issue_detail, created_at) VALUES (%(data_sync_run_id)s::BIGINT, %(batch_id)s::BIGINT, %(theme_code)s::VARCHAR, %(dataset_code)s::VARCHAR, %(layer_code)s::VARCHAR, %(issue_code)s::VARCHAR, %(severity)s::VARCHAR, %(business_key)s::VARCHAR, %(provider_name)s::VARCHAR, %(trade_date)s::DATE, %(symbol)s::VARCHAR, %(record_ref)s::JSON, %(issue_detail)s::JSON, %(created_at)s::TIMESTAMP WITHOUT TIME ZONE) RETURNING data_quality_issue.id]
[parameters: {'data_sync_run_id': 21, 'batch_id': 127, 'theme_code': 'TradingCalendar', 'dataset_code': 'trading_calendar', 'layer_code': 'CORE', 'issue_code': 'TRADING_CALENDAR_UPSERT_FAILED', 'severity': 'ERROR', 'business_key': 'SSE:2010-01-01', 'provider_name': 'baostock', 'trade_date': '2010-01-01', 'symbol': 'SSE', 'record_ref': Json(None), 'issue_detail': Json({'error': ""(psycopg.errors.Undefine ... (1058 chars)), 'created_at': datetime.datetime(2026, 4, 3, 2, 17, 25, 276553)}]
(Background on this error at: https://sqlalche.me/e/20/2j85) (Background on this error at: https://sqlalche.me/e/20/7s2a)",ERROR
9,368ae2fa-74f7-4c94-abca-573e9b6852d4,DATA_SYNC,bootstrap_daily_bar_first_chain,FAILED,MANUAL,,2026-04-03T01:59:16.856830+00:00,2026-04-03T01:59:16.871275+00:00,2026-04-03T01:59:16.895547+00:00,2026-04-03T01:59:16.862462+00:00,2026-04-03T01:59:16.899179+00:00,"(psycopg.errors.UniqueViolation) duplicate key value violates unique constraint ""uq_meta_data_version__dataset_id_version""
DETAIL:  Key (dataset_id, version)=(1, v2.bootstrap.daily_bar.v1) already exists.
[SQL: INSERT INTO meta_data_version (dataset_id, vendor_id, run_id, version, as_of_date, content_hash, row_count, status, published_at) VALUES (%(dataset_id)s::BIGINT, %(vendor_id)s::BIGINT, %(run_id)s::BIGINT, %(version)s::VARCHAR, %(as_of_date)s::DATE, %(content_hash)s::VARCHAR, %(row_count)s::BIGINT, %(status)s::VARCHAR, %(published_at)s::TIMESTAMP WITH TIME ZONE) RETURNING meta_data_version.id, meta_data_version.created_at, meta_data_version.updated_at]
[parameters: {'dataset_id': 1, 'vendor_id': 4, 'run_id': 9, 'version': 'v2.bootstrap.daily_bar.v1', 'as_of_date': datetime.date(2026, 4, 3), 'content_hash': None, 'row_count': None, 'status': 'DRAFT', 'published_at': None}]
(Background on this error at: https://sqlalche.me/e/20/gkpj)",ERROR
7,af4e6197-a8e7-4dbe-99f6-7f7116a5b1d8,DATA_SYNC,bootstrap_daily_bar_first_chain,FAILED,MANUAL,,2026-04-03T01:07:33.494704+00:00,2026-04-03T01:07:33.515145+00:00,2026-04-03T01:07:33.543483+00:00,2026-04-03T01:07:33.498038+00:00,2026-04-03T01:07:33.546639+00:00,"(psycopg.errors.UniqueViolation) duplicate key value violates unique constraint ""uq_meta_data_version__dataset_id_version""
DETAIL:  Key (dataset_id, version)=(1, v2.bootstrap.daily_bar.v1) already exists.
[SQL: INSERT INTO meta_data_version (dataset_id, vendor_id, run_id, version, as_of_date, content_hash, row_count, status, published_at) VALUES (%(dataset_id)s::BIGINT, %(vendor_id)s::BIGINT, %(run_id)s::BIGINT, %(version)s::VARCHAR, %(as_of_date)s::DATE, %(content_hash)s::VARCHAR, %(row_count)s::BIGINT, %(status)s::VARCHAR, %(published_at)s::TIMESTAMP WITH TIME ZONE) RETURNING meta_data_version.id, meta_data_version.created_at, meta_data_version.updated_at]
[parameters: {'dataset_id': 1, 'vendor_id': 4, 'run_id': 7, 'version': 'v2.bootstrap.daily_bar.v1', 'as_of_date': datetime.date(2026, 4, 3), 'content_hash': None, 'row_count': None, 'status': 'DRAFT', 'published_at': None}]
(Background on this error at: https://sqlalche.me/e/20/gkpj)",ERROR
6,3bafea85-a095-49ff-a5c6-9249c60ea6bf,DATA_SYNC,bootstrap_instrument_calendar,STALE,MANUAL,,2026-04-02T08:47:33.498479+00:00,2026-04-02T08:47:33.515080+00:00,2026-04-22T03:45:22.191969+00:00,2026-04-02T08:47:33.502883+00:00,2026-04-22T03:45:22.191969+00:00,M8.4 ops hygiene cleanup: RUNNING_WITHOUT_OUTPUT_ROWS; run 长时间 RUNNING 且无业务输出行，建议复核后标记 STALE 或 FAILED,WARN
