module,topic,relative_path,format,report_date,run_ids,summary,row_count,headers,top_level_keys
m3,m9_bridge,artifacts/m3/m9_bridge/m3_m9_bridge_summary_p1_r68_2026-04-23.json,json,2026-04-23,,summary_type=m3_readiness | bridge_status=OK | latest_run_id=68 | report_date=2026-04-23 | human_summary=M3 定义层与部分 snapshot 事实已可识别，06_指标/因子/特征/标签状态 可不再仅依赖 docs-only。,,,summary_type|status|report_date|generated_at|latest_run_id|latest_success_run|definition_counts|snapshot_counts|recent_runs|human_summary
m3,m9_bridge,artifacts/m3/m9_bridge/m3_m9_bridge_summary_p1_r68_2026-04-23.md,md,2026-04-23,,# M3 → M9 Bridge Summary | - Report Date: 2026-04-23 | - Status: OK | - Latest Run ID: 68,,,
m4,m9_bridge,artifacts/m4/m9_bridge/m4_m9_bridge_summary_p1_2026-04-23.json,json,2026-04-23,,summary_type=m4_strategy_signal | bridge_status=OK | report_date=2026-04-23 | human_summary=M4 策略定义、版本与 signal 运行事实均已识别，07_策略与信号状态 可基于实际 signal facts 解释。,,,summary_type|status|report_date|generated_at|latest_run_id|strategies|versions|schemas|schema_count|signal_total_rows|signal_latest_as_of_date|signal_latest_effective_date
m4,m9_bridge,artifacts/m4/m9_bridge/m4_m9_bridge_summary_p1_2026-04-23.md,md,2026-04-23,,# M4 → M9 Bridge Summary | - Report Date: 2026-04-23 | - Status: OK | - Signal Total Rows: 90,,,
m5,backtest,artifacts/m5/backtest/backtest_execution_plan_run_61.json,json,,61,"json keys: stage, execution_enabled, run_id, backtest_request_id, start_date, end_date, engine_code, source_signal_run_id, screen_request_id, execution_assumption_profile_id, benchmark_definition_id, data_feed_plan",,,stage|execution_enabled|run_id|backtest_request_id|start_date|end_date|engine_code|source_signal_run_id|screen_request_id|execution_assumption_profile_id|benchmark_definition_id|data_feed_plan
m5,backtest,artifacts/m5/backtest/backtest_execution_plan_run_80.json,json,,80,"json keys: stage, execution_enabled, run_id, backtest_request_id, start_date, end_date, engine_code, source_signal_run_id, screen_request_id, execution_assumption_profile_id, benchmark_definition_id, data_feed_plan",,,stage|execution_enabled|run_id|backtest_request_id|start_date|end_date|engine_code|source_signal_run_id|screen_request_id|execution_assumption_profile_id|benchmark_definition_id|data_feed_plan
m5,backtest,artifacts/m5/backtest/backtest_execution_plan_run_83.json,json,,83,"json keys: stage, execution_enabled, run_id, backtest_request_id, start_date, end_date, engine_code, source_signal_run_id, screen_request_id, execution_assumption_profile_id, benchmark_definition_id, data_feed_plan",,,stage|execution_enabled|run_id|backtest_request_id|start_date|end_date|engine_code|source_signal_run_id|screen_request_id|execution_assumption_profile_id|benchmark_definition_id|data_feed_plan
m5,backtest,artifacts/m5/backtest/backtest_execution_plan_run_84.json,json,,84,"json keys: stage, execution_enabled, run_id, backtest_request_id, start_date, end_date, engine_code, source_signal_run_id, screen_request_id, execution_assumption_profile_id, benchmark_definition_id, data_feed_plan",,,stage|execution_enabled|run_id|backtest_request_id|start_date|end_date|engine_code|source_signal_run_id|screen_request_id|execution_assumption_profile_id|benchmark_definition_id|data_feed_plan
m5,backtest,artifacts/m5/backtest/backtest_execution_plan_run_86.json,json,,86,"json keys: stage, execution_enabled, run_id, backtest_request_id, start_date, end_date, engine_code, source_signal_run_id, screen_request_id, execution_assumption_profile_id, benchmark_definition_id, data_feed_plan",,,stage|execution_enabled|run_id|backtest_request_id|start_date|end_date|engine_code|source_signal_run_id|screen_request_id|execution_assumption_profile_id|benchmark_definition_id|data_feed_plan
m5,backtest,artifacts/m5/backtest/backtest_execution_plan_run_87.json,json,,87,"json keys: stage, execution_enabled, run_id, backtest_request_id, start_date, end_date, engine_code, source_signal_run_id, screen_request_id, execution_assumption_profile_id, benchmark_definition_id, data_feed_plan",,,stage|execution_enabled|run_id|backtest_request_id|start_date|end_date|engine_code|source_signal_run_id|screen_request_id|execution_assumption_profile_id|benchmark_definition_id|data_feed_plan
m5,backtest,artifacts/m5/backtest/backtest_execution_plan_run_89.json,json,,89,"json keys: stage, execution_enabled, run_id, backtest_request_id, start_date, end_date, engine_code, source_signal_run_id, screen_request_id, execution_assumption_profile_id, benchmark_definition_id, data_feed_plan",,,stage|execution_enabled|run_id|backtest_request_id|start_date|end_date|engine_code|source_signal_run_id|screen_request_id|execution_assumption_profile_id|benchmark_definition_id|data_feed_plan
m5,backtest,artifacts/m5/backtest/run_61/backtest_equity_curve.csv,csv,,,"csv rows: 184; headers: trade_date, portfolio_equity, cash, holding_count, gross_exposure",184,trade_date|portfolio_equity|cash|holding_count|gross_exposure,
m5,backtest,artifacts/m5/backtest/run_61/backtest_metrics.json,json,,,"json keys: trading_days, initial_cash, start_value, final_equity, total_return, annual_return, max_drawdown, sharpe_ratio, volatility, order_count, trade_count",,,trading_days|initial_cash|start_value|final_equity|total_return|annual_return|max_drawdown|sharpe_ratio|volatility|order_count|trade_count
m5,backtest,artifacts/m5/backtest/run_61/backtest_rebalance_log.csv,csv,,,"csv rows: 1; headers: trade_date, source, submitted_count, target_count, allow_next_fallback",1,trade_date|source|submitted_count|target_count|allow_next_fallback,
m5,backtest,artifacts/m5/backtest/run_61/backtest_trade_log.csv,csv,,,"csv rows: 90; headers: trade_date, instrument_id, status, is_buy, created_size, executed_size, executed_price, executed_value",90,trade_date|instrument_id|status|is_buy|created_size|executed_size|executed_price|executed_value|executed_commission,
m8,alert,artifacts/m8/alert/m8_alert_report_p1_2026-04-23.json,json,2026-04-23,,"json keys: module, query, portfolio_id, profile_code, checked_at, highest_level, alert_counts, alerts, source_status, kpi, overall_status",,,module|query|portfolio_id|profile_code|checked_at|highest_level|alert_counts|alerts|source_status|kpi|overall_status
m8,alert,artifacts/m8/alert/m8_alert_report_p1_2026-04-23.md,md,2026-04-23,,# M8.10 Alert Report | - portfolio_id: `1` | - profile_code: `None` | - checked_at: `2026-04-23T15:46:10.252990`,,,
m8,alert,artifacts/m8/alert/m8_alert_report_p1_2026-04-23_alerts.csv,csv,2026-04-23,,"csv rows: 3; headers: level, alert_code, title, message, source, payload",3,level|alert_code|title|message|source|payload,
m8,api,artifacts/m8/api/m8_api_endpoints.md,md,,,# M8 API Endpoints | Generated from FastAPI OpenAPI schema. | ## Endpoints | - `GET   ` `/api/v1/m8/daily-ops/check` - Daily Ops Check,,,
m8,api,artifacts/m8/api/m8_openapi.json,json,,,"json keys: openapi, info, paths, components",,,openapi|info|paths|components
m8,audit,artifacts/m8/audit/m8_audit_snapshot_p1_2026-04-23.json,json,2026-04-23,,"json keys: module, query, portfolio_id, profile_code, exported_at, latest_runs, ops_kpi, alert_check, run_status_counts, run_type_counts, error_logs_preview",,,module|query|portfolio_id|profile_code|exported_at|latest_runs|ops_kpi|alert_check|run_status_counts|run_type_counts|error_logs_preview
m8,audit,artifacts/m8/audit/m8_audit_snapshot_p1_2026-04-23.md,md,2026-04-23,,# M8.10 Audit Snapshot | - portfolio_id: `1` | - profile_code: `None` | - exported_at: `2026-04-23T15:46:12.313334`,,,
m8,audit,artifacts/m8/audit/m8_audit_snapshot_p1_2026-04-23_error_logs.csv,csv,2026-04-23,,"csv rows: 36; headers: id, run_uid, run_type, run_name, status, trigger_type, parent_run_id, requested_at",36,id|run_uid|run_type|run_name|status|trigger_type|parent_run_id|requested_at|started_at|ended_at|created_at|updated_at|error_message|log_level,
m8,audit,artifacts/m8/audit/m8_audit_snapshot_p1_2026-04-23_run_status.csv,csv,2026-04-23,,"csv rows: 3; headers: status, cnt",3,status|cnt,
m8,audit,artifacts/m8/audit/m8_audit_snapshot_p1_2026-04-23_run_type_status.csv,csv,2026-04-23,,"csv rows: 19; headers: run_type, status, cnt",19,run_type|status|cnt,
m8,daily_ops,artifacts/m8/daily_ops/m8_daily_ops_p1_2026-04-23.json,json,2026-04-23,,"json keys: module, query, portfolio_id, profile_code, latest_runs, paper_chain, risk_decision, target_diff, exported_at",,,module|query|portfolio_id|profile_code|latest_runs|paper_chain|risk_decision|target_diff|exported_at
m8,daily_ops,artifacts/m8/daily_ops/m8_daily_ops_p1_2026-04-23.md,md,2026-04-23,,# M8.2 Daily Ops Report | - portfolio_id: `1` | - profile_code: `None` | - snapshot_date: `2026-04-23`,,,
m8,env,artifacts/m8/env/m8_env_startup_report_p1_2026-04-23.json,json,2026-04-23,,"json keys: module, query, portfolio_id, profile_code, exported_at, env_check, startup_check",,,module|query|portfolio_id|profile_code|exported_at|env_check|startup_check
m8,env,artifacts/m8/env/m8_env_startup_report_p1_2026-04-23.md,md,2026-04-23,,# M8.11 Environment / Startup Report | - portfolio_id: `1` | - profile_code: `None` | - exported_at: `2026-04-23T15:46:14.791325`,,,
m8,env,artifacts/m8/env/m8_env_startup_report_p1_2026-04-23_artifacts.csv,csv,2026-04-23,,"csv rows: 13; headers: artifact, path, exists, status, message",13,artifact|path|exists|status|message,
m8,env,artifacts/m8/env/m8_env_startup_report_p1_2026-04-23_dependencies.csv,csv,2026-04-23,,"csv rows: 6; headers: module, purpose, status, message",6,module|purpose|status|message,
m8,env,artifacts/m8/env/m8_env_startup_report_p1_2026-04-23_env_vars.csv,csv,2026-04-23,,"csv rows: 5; headers: name, required, purpose, present, alias_used, masked_value, status, message",5,name|required|purpose|present|alias_used|masked_value|status|message,
m8,env,artifacts/m8/env/m8_env_startup_report_p1_2026-04-23_paths.csv,csv,2026-04-23,,"csv rows: 6; headers: name, path, required, exists, writable, status, message",6,name|path|required|exists|writable|status|message,
m8,human_review,artifacts/m8/human_review/m8_daily_ops_p1_2026-04-23.json,json,2026-04-23,,"json keys: module, query, portfolio_id, profile_code, latest_runs, paper_chain, risk_decision, target_diff, exported_at",,,module|query|portfolio_id|profile_code|latest_runs|paper_chain|risk_decision|target_diff|exported_at
m8,human_review,artifacts/m8/human_review/m8_daily_ops_p1_2026-04-23.md,md,2026-04-23,,# M8.2 Daily Ops Report | - portfolio_id: `1` | - profile_code: `None` | - snapshot_date: `2026-04-23`,,,
m8,human_review,artifacts/m8/human_review/m8_human_review_pack_p1_2026-04-23.json,json,2026-04-23,,"json keys: module, query, portfolio_id, profile_code, exported_at, ops_kpi, latest_runs, daily_ops, scheduler_health, hygiene, paper_chain, risk_decision",,,module|query|portfolio_id|profile_code|exported_at|ops_kpi|latest_runs|daily_ops|scheduler_health|hygiene|paper_chain|risk_decision
m8,human_review,artifacts/m8/human_review/m8_human_review_pack_p1_2026-04-23.md,md,2026-04-23,,# M8.6 Human Review Pack | - portfolio_id: `1` | - profile_code: `None` | - snapshot_date: `2026-04-23`,,,
m8,human_review,artifacts/m8/human_review/m8_human_review_pack_p1_2026-04-23_kpi.csv,csv,2026-04-23,,"csv rows: 1; headers: portfolio_id, profile_code, snapshot_date, total_equity, holding_count, order_count, fill_count, position_count",1,portfolio_id|profile_code|snapshot_date|total_equity|holding_count|order_count|fill_count|position_count|snapshot_count|risk_decision_count|risk_pass_count|risk_warn_count|risk_reject_count|risk_adjust_count|target_quantity_delta|target_amount_delta|scheduler_exit_code|scheduler_status|hygiene_status|running_count|stale_count|failed_count|success_count,
m8,human_review,artifacts/m8/human_review/m8_human_review_pack_p1_2026-04-23_risk_reasons.csv,csv,2026-04-23,,"csv rows: 6; headers: decision_type, reason_code, cnt",6,decision_type|reason_code|cnt,
m8,human_review,artifacts/m8/human_review/m8_human_review_pack_p1_2026-04-23_run_status.csv,csv,2026-04-23,,"csv rows: 3; headers: status, cnt",3,status|cnt,
m8,human_review,artifacts/m8/human_review/m8_ops_summary_pack_p1_2026-04-23.json,json,2026-04-23,,"json keys: module, query, portfolio_id, profile_code, exported_at, ops_kpi, recent_runs",,,module|query|portfolio_id|profile_code|exported_at|ops_kpi|recent_runs
m8,human_review,artifacts/m8/human_review/m8_ops_summary_pack_p1_2026-04-23.md,md,2026-04-23,,# M8.6 Ops Summary Pack | - portfolio_id: `1` | - profile_code: `None` | - snapshot_date: `2026-04-23`,,,
m8,human_review,artifacts/m8/human_review/m8_ops_summary_pack_p1_2026-04-23_recent_runs.csv,csv,2026-04-23,,"csv rows: 50; headers: id, run_type, run_name, status, trigger_type, requested_at, started_at, ended_at",50,id|run_type|run_name|status|trigger_type|requested_at|started_at|ended_at|created_at|updated_at|error_message,
m8,paper_chain,artifacts/m8/paper_chain/m8_paper_chain_p1_t160_o146_f147_p153_s154.json,json,,154,"json keys: module, query, portfolio_id, runs, target, order, fill, position, snapshot, checks, overall_status, exported_at",,,module|query|portfolio_id|runs|target|order|fill|position|snapshot|checks|overall_status|exported_at
m8,paper_chain,artifacts/m8/paper_chain/m8_paper_chain_p1_t160_o146_f147_p153_s154.md,md,,154,# M8.2 Paper Chain Report | - portfolio_id: `1` | - target_run_id: `160` | - order_run_id: `146`,,,
m8,paper_chain,artifacts/m8/paper_chain/m8_paper_chain_p1_t160_o146_f147_p153_s154_fills.csv,csv,,,"csv rows: 28; headers: id, run_id, portfolio_id, order_id, instrument_id, fill_date, fill_price, fill_quantity",28,id|run_id|portfolio_id|order_id|instrument_id|fill_date|fill_price|fill_quantity|gross_amount|commission_amount|stamp_duty_amount|transfer_fee_amount|slippage_amount|total_fee_amount|net_amount|cash_delta|price_source|fill_rule|fill_status,
m8,paper_chain,artifacts/m8/paper_chain/m8_paper_chain_p1_t160_o146_f147_p153_s154_orders.csv,csv,,,"csv rows: 28; headers: id, run_id, portfolio_id, target_position_id, instrument_id, order_date, effective_date, order_side",28,id|run_id|portfolio_id|target_position_id|instrument_id|order_date|effective_date|order_side|order_type|price_fill_rule|target_quantity|order_quantity|estimated_price|estimated_gross_amount|estimated_fee|estimated_net_amount|status|reject_reason,
m8,paper_chain,artifacts/m8/paper_chain/m8_paper_chain_p1_t160_o146_f147_p153_s154_positions.csv,csv,,,"csv rows: 30; headers: id, run_id, portfolio_id, instrument_id, position_date, quantity, available_quantity, frozen_quantity",30,id|run_id|portfolio_id|instrument_id|position_date|quantity|available_quantity|frozen_quantity|avg_cost|cost_amount|market_price|market_value|unrealized_pnl|realized_pnl|total_pnl|position_status,
m8,paper_chain,artifacts/m8/paper_chain/m8_paper_chain_p1_t160_o146_f147_p153_s154_snapshots.csv,csv,,,"csv rows: 1; headers: id, run_id, portfolio_id, snapshot_date, cash_balance, market_value, total_equity, gross_exposure",1,id|run_id|portfolio_id|snapshot_date|cash_balance|market_value|total_equity|gross_exposure|net_exposure|holding_count|daily_pnl|cumulative_pnl|daily_return|cumulative_return|turnover_amount|turnover_rate,
m8,paper_chain,artifacts/m8/paper_chain/m8_paper_chain_p1_t160_o146_f147_p153_s154_targets.csv,csv,,,"csv rows: 30; headers: id, run_id, portfolio_id, as_of_date, effective_date, instrument_id, target_side, target_weight",30,id|run_id|portfolio_id|as_of_date|effective_date|instrument_id|target_side|target_weight|target_amount|target_quantity|rank_no|score|reason_code|target_source|construction_mode|status|status_reason,
m8,portfolio_snapshot,artifacts/m8/portfolio_snapshot/m8_portfolio_snapshot_p1_r154_2026-04-23.csv,csv,2026-04-23,,"csv rows: 1; headers: id, run_id, portfolio_id, snapshot_date, cash_balance, market_value, total_equity, gross_exposure",1,id|run_id|portfolio_id|snapshot_date|cash_balance|market_value|total_equity|gross_exposure|net_exposure|holding_count|daily_pnl|cumulative_pnl|daily_return|cumulative_return|turnover_amount|turnover_rate|created_at|updated_at,
m8,portfolio_snapshot,artifacts/m8/portfolio_snapshot/m8_portfolio_snapshot_p1_r154_2026-04-23.json,json,2026-04-23,,"json keys: module, query, portfolio_id, snapshot_run_id, snapshot_date, snapshot, checks, overall_status, exported_at",,,module|query|portfolio_id|snapshot_run_id|snapshot_date|snapshot|checks|overall_status|exported_at
m8,portfolio_snapshot,artifacts/m8/portfolio_snapshot/m8_portfolio_snapshot_p1_r154_2026-04-23.md,md,2026-04-23,,# M8.2 Portfolio Snapshot Report | - portfolio_id: `1` | - snapshot_run_id: `154` | - snapshot_date: `2026-04-23`,,,
m8,risk,artifacts/m8/risk/m8_risk_report_p1_src155_adj215.json,json,,215,"json keys: module, query, portfolio_id, profile_code, source_target_run_id, adjusted_target_run_id, risk_run_id, summary, reason_summary, decisions_preview, decisions, limit",,,module|query|portfolio_id|profile_code|source_target_run_id|adjusted_target_run_id|risk_run_id|summary|reason_summary|decisions_preview|decisions|limit
m8,risk,artifacts/m8/risk/m8_risk_report_p1_src155_adj215.md,md,,215,# M8.1 Risk Report | - portfolio_id: `1` | - risk_run_id: `214` | - source_target_run_id: `155`,,,
m8,risk,artifacts/m8/risk/m8_risk_report_p1_src155_adj215_decisions.csv,csv,,,"csv rows: 180; headers: id, run_id, portfolio_id, source_target_run_id, adjusted_target_run_id, profile_code, rule_code, instrument_id",180,id|run_id|portfolio_id|source_target_run_id|adjusted_target_run_id|profile_code|rule_code|instrument_id|decision_date|decision_type|reason_code|action_taken|before_target_weight|after_target_weight|before_target_quantity|after_target_quantity|before_target_amount|after_target_amount|message,
m8,risk,artifacts/m8/risk/m8_risk_report_p1_src160_adj166.json,json,,166,"json keys: module, query, portfolio_id, source_target_run_id, adjusted_target_run_id, risk_run_id, summary, reason_summary, decisions_preview, limit, checks, overall_status",,,module|query|portfolio_id|source_target_run_id|adjusted_target_run_id|risk_run_id|summary|reason_summary|decisions_preview|limit|checks|overall_status
m8,risk,artifacts/m8/risk/m8_risk_report_p1_src160_adj166.md,md,,166,# M8.1 Risk Report | - portfolio_id: `1` | - risk_run_id: `167` | - source_target_run_id: `160`,,,
m8,risk,artifacts/m8/risk/m8_risk_report_p1_src160_adj166_decisions.csv,csv,,,"csv rows: 90; headers: id, run_id, portfolio_id, source_target_run_id, adjusted_target_run_id, profile_code, rule_code, instrument_id",90,id|run_id|portfolio_id|source_target_run_id|adjusted_target_run_id|profile_code|rule_code|instrument_id|decision_date|decision_type|reason_code|action_taken|before_target_weight|after_target_weight|before_target_quantity|after_target_quantity|before_target_amount|after_target_amount|message,
m8,run_summary,artifacts/m8/run_summary/m8_run_summary_r167.json,json,,167,"json keys: module, query, run_id, run, steps, metrics, series_preview, artifacts, checks, overall_status, exported_at",,,module|query|run_id|run|steps|metrics|series_preview|artifacts|checks|overall_status|exported_at
m8,run_summary,artifacts/m8/run_summary/m8_run_summary_r167.md,md,,167,# M8.2 Run Summary Report | - run_id: `167` | - run_type: `RISK3` | - run_name: `M7 Risk3 Apply Overlay`,,,
m8,run_summary,artifacts/m8/run_summary/m8_run_summary_r167_artifacts.csv,csv,,,csv empty,,,
m8,run_summary,artifacts/m8/run_summary/m8_run_summary_r167_metrics.csv,csv,,,csv empty,,,
m8,scheduler,artifacts/m8/scheduler/stock_quant_v2_m8_daily_ops_README.md,md,,,# M8.5 Windows Task Scheduler Template | Task name: | stock_quant_v2_m8_daily_ops | Schedule time:,,,
m8,scheduler_registration,artifacts/m8/scheduler_registration/m8_scheduler_registration_pack_p1_2026-04-23.json,json,2026-04-23,,"json keys: module, query, portfolio_id, profile_code, exported_at, registration_check, enhanced_final_check",,,module|query|portfolio_id|profile_code|exported_at|registration_check|enhanced_final_check
m8,scheduler_registration,artifacts/m8/scheduler_registration/m8_scheduler_registration_pack_p1_2026-04-23.md,md,2026-04-23,,# M8.12 Scheduler Registration Pack | - portfolio_id: `1` | - profile_code: `None` | - exported_at: `2026-04-23T15:46:34.592974`,,,
m8,scheduler_registration,artifacts/m8/scheduler_registration/m8_scheduler_registration_pack_p1_2026-04-23_checklist.csv,csv,2026-04-23,,"csv rows: 16; headers: section, check_code, passed",16,section|check_code|passed,
m8,scheduler_registration,artifacts/m8/scheduler_registration/m8_scheduler_registration_pack_p1_2026-04-23_commands.csv,csv,2026-04-23,,"csv rows: 5; headers: step_no, title, command, required",5,step_no|title|command|required,
m9,platform_overview,artifacts/m9/platform_overview/m9_platform_overview_p1_2026-04-23.json,json,2026-04-23,,"json keys: generated_at, report_date, scope, sections, action_items, sources, extra",,,generated_at|report_date|scope|sections|action_items|sources|extra
m9,platform_overview,artifacts/m9/platform_overview/m9_platform_overview_p1_2026-04-23.md,md,2026-04-23,,# M9.1.1 Platform Overview Narrator | - Report Date: 2026-04-23 | - Generated At: 2026-04-24T05:17:03.136790+00:00 | - Scope: M9.1.1 Platform Overview Narrator P1,,,
m9,platform_overview,artifacts/m9/platform_overview/m9_platform_overview_p1_2026-04-23_action_items.csv,csv,2026-04-23,,"csv rows: 4; headers: priority, area, action, reason, related_run_ids, related_sources",4,priority|area|action|reason|related_run_ids|related_sources,
m9,platform_overview,artifacts/m9/platform_overview/m9_platform_overview_p1_2026-04-23_sections.csv,csv,2026-04-23,,"csv rows: 15; headers: section_id, title, status, latest_date, latest_run_ids, summary, risks, next_checks",15,section_id|title|status|latest_date|latest_run_ids|summary|risks|next_checks,
m9,platform_overview,artifacts/m9/platform_overview/m9_platform_overview_p1_2026-04-23_sources.csv,csv,2026-04-23,,"csv rows: 161; headers: module, topic, relative_path, format, report_date, run_ids, summary, row_count",161,module|topic|relative_path|format|report_date|run_ids|summary|row_count|headers|top_level_keys,
m9,platform_overview,artifacts/m9/platform_overview/m9_platform_overview_p1_2026-04-24.json,json,2026-04-24,,"json keys: generated_at, report_date, scope, sections, action_items, sources, extra",,,generated_at|report_date|scope|sections|action_items|sources|extra
m9,platform_overview,artifacts/m9/platform_overview/m9_platform_overview_p1_2026-04-24.md,md,2026-04-24,,# M9.1.1 Platform Overview Narrator | - Report Date: 2026-04-24 | - Generated At: 2026-04-24T05:33:14.406231+00:00 | - Scope: M9.1.1 Platform Overview Narrator P1,,,
m9,platform_overview,artifacts/m9/platform_overview/m9_platform_overview_p1_2026-04-24_action_items.csv,csv,2026-04-24,,"csv rows: 3; headers: priority, area, action, reason, related_run_ids, related_sources",3,priority|area|action|reason|related_run_ids|related_sources,
m9,platform_overview,artifacts/m9/platform_overview/m9_platform_overview_p1_2026-04-24_sections.csv,csv,2026-04-24,,"csv rows: 15; headers: section_id, title, status, latest_date, latest_run_ids, summary, risks, next_checks",15,section_id|title|status|latest_date|latest_run_ids|summary|risks|next_checks,
m9,platform_overview,artifacts/m9/platform_overview/m9_platform_overview_p1_2026-04-24_sources.csv,csv,2026-04-24,,"csv rows: 169; headers: module, topic, relative_path, format, report_date, run_ids, summary, row_count",169,module|topic|relative_path|format|report_date|run_ids|summary|row_count|headers|top_level_keys,
m9,platform_overview_check,artifacts/m9/platform_overview_check/m9_platform_overview_history_check_p1_2026-04-23.json,json,2026-04-23,,requested_report_date=2026-04-23。 latest_available_date=2026-04-23。 complete_dates_count=1。 尚未识别到可用于 day-over-day comparison 的 previous_complete_date。 当前历史产物保留仍不足以稳定支持 day-over-day comparison，至少需要 2 个完整报告日。,,,generated_at|requested_report_date|status|latest_available_date|previous_complete_date|minimum_required_complete_days|available_dates|complete_dates|inventories|risks|next_steps|summary
m9,platform_overview_check,artifacts/m9/platform_overview_check/m9_platform_overview_history_check_p1_2026-04-23.md,md,2026-04-23,,# M9.1.1 Platform Overview History Check | - Requested Report Date: 2026-04-23 | - Generated At: 2026-04-24T05:17:03.147283+00:00 | - Status: WARN,,,
m9,platform_overview_check,artifacts/m9/platform_overview_check/m9_platform_overview_history_check_p1_2026-04-23_inventory.csv,csv,2026-04-23,,"csv rows: 1; headers: report_date, is_complete, present_keys, missing_keys, markdown, json, sections_csv, action_items_csv",1,report_date|is_complete|present_keys|missing_keys|markdown|json|sections_csv|action_items_csv|sources_csv,
m9,platform_overview_check,artifacts/m9/platform_overview_check/m9_platform_overview_history_check_p1_2026-04-24.json,json,2026-04-24,,requested_report_date=2026-04-24。 latest_available_date=2026-04-24。 complete_dates_count=2。 previous_complete_date=2026-04-23。 当前历史产物保留要求已满足。,,,generated_at|requested_report_date|status|latest_available_date|previous_complete_date|minimum_required_complete_days|available_dates|complete_dates|inventories|risks|next_steps|summary
m9,platform_overview_check,artifacts/m9/platform_overview_check/m9_platform_overview_history_check_p1_2026-04-24.md,md,2026-04-24,,# M9.1.1 Platform Overview History Check | - Requested Report Date: 2026-04-24 | - Generated At: 2026-04-24T05:33:16.309242+00:00 | - Status: PASS,,,
m9,platform_overview_check,artifacts/m9/platform_overview_check/m9_platform_overview_history_check_p1_2026-04-24_inventory.csv,csv,2026-04-24,,"csv rows: 2; headers: report_date, is_complete, present_keys, missing_keys, markdown, json, sections_csv, action_items_csv",2,report_date|is_complete|present_keys|missing_keys|markdown|json|sections_csv|action_items_csv|sources_csv,
docs_m3,m3_docs,docs/modules/m3/01_scope.md,md,,,text file with no non-empty lines,,,
docs_m3,m3_docs,docs/modules/m3/02_decisions.md,md,,,text file with no non-empty lines,,,
docs_m3,m3_docs,docs/modules/m3/03_schema.md,md,,,text file with no non-empty lines,,,
docs_m3,m3_docs,docs/modules/m3/04_flow.md,md,,,text file with no non-empty lines,,,
docs_m3,m3_docs,docs/modules/m3/05_api_or_contract.md,md,,,text file with no non-empty lines,,,
docs_m3,m3_docs,docs/modules/m3/06_acceptance.md,md,,,text file with no non-empty lines,,,
docs_m3,m3_docs,docs/modules/m3/07_next_chat_brief.md,md,,,text file with no non-empty lines,,,
docs_m3,m3_docs,docs/modules/m3/08_open_items.md,md,,,text file with no non-empty lines,,,
docs_m4,m4_docs,docs/modules/m4/01_scope.md,md,,,text file with no non-empty lines,,,
docs_m4,m4_docs,docs/modules/m4/02_decisions.md,md,,,# M4 ｜ 02_decisions | ## 本阶段决策目标 | M4 的任务不是立刻做完所有策略域，而是先把策略从“脚本”提升为“平台对象”，并用一条最小规则策略主链验证： | - strategy_definition,,,
docs_m4,m4_docs,docs/modules/m4/03_schema.md,md,,,# M4 ｜ 03_schema | ## 本模块目标 | M4 的核心职责，是把策略从“散落脚本”提升为平台级对象，并统一： | - 策略定义,,,
docs_m4,m4_docs,docs/modules/m4/04_flow.md,md,,,text file with no non-empty lines,,,
docs_m4,m4_docs,docs/modules/m4/05_api_or_contract.md,md,,,"--- | # 2) `docs/modules/m4/05_api_or_contract.md` | ```markdown id=""9w5v2y"" | # M4 ｜ 05_api_or_contract",,,
docs_m4,m4_docs,docs/modules/m4/06_acceptance.md,md,,,# M4 ｜ 06_acceptance | ## 本阶段验收目标 | M4 第一轮目标不是完成全部策略域，而是确认以下最小主链已经可运行、可落库、可复用： | 1. `strategy_definition` 已落地。,,,
docs_m4,m4_docs,docs/modules/m4/07_next_chat_brief.md,md,,,# M4 ｜ 07_next_chat_brief | 项目名称：stock_quant_v2 | 当前阶段：M4 策略域 | 当前状态：,,,
docs_m4,m4_docs,docs/modules/m4/08_open_items.md,md,,,"--- | # 3) `docs/modules/m4/08_open_items.md` | ```markdown id=""esq45j"" | # M4 ｜ 08_open_items",,,
docs_m5,m5_docs,docs/modules/m5/01_scope.md,md,,,# M5｜Research & Evaluation Domain｜Scope | ## 1. 阶段定位 | M5 是 stock_quant_v2 的研究与评估域，承接 M4 产出的 `strategy_signal`，向后为真实回测、walk-forward、参数搜索、报告导出、M6 paper trading 提供统一研究入口。 | M5 的核心原则是：,,,
docs_m5,m5_docs,docs/modules/m5/02_decisions.md,md,,,--- | # 2. `docs/modules/m5/02_decisions.md` | ```markdown | # M5｜Decision Log,,,
docs_m5,m5_docs,docs/modules/m5/03_schema.md,md,,,--- | # 3. `docs/modules/m5/03_schema.md` | ```markdown | # M5｜Schema,,,
docs_m5,m5_docs,docs/modules/m5/04_flow.md,md,,,--- | # 4. `docs/modules/m5/04_flow.md` | ```markdown | # M5｜Flow,,,
docs_m5,m5_docs,docs/modules/m5/05_api_or_contract.md,md,,,--- | # 5. `docs/modules/m5/05_api_or_contract.md` | ```markdown | # M5｜API / Contract,,,
docs_m5,m5_docs,docs/modules/m5/06_acceptance.md,md,,,--- | # 6. `docs/modules/m5/06_acceptance.md` | ```markdown | # M5｜Acceptance,,,
docs_m5,m5_docs,docs/modules/m5/07_next_chat_brief.md,md,,,--- | # 7. `docs/modules/m5/07_next_chat_brief.md` | ```markdown | # M5｜Next Chat Brief,,,
docs_m5,m5_docs,docs/modules/m5/08_open_items.md,md,,,--- | # 8. `docs/modules/m5/08_open_items.md` | ```markdown | # M5｜Open Items,,,
docs_m6,m6_docs,docs/modules/m6/01_scope.md,md,,,M6 Scope｜Paper Trading 最小闭环 | ## 1. 模块目标 | M6 的目标是完成 Paper Trading 域的最小闭环。 | M6 不是真实交易模块，也不是 M5 backtest 的延伸。M6 是独立交易域，负责把研究信号转化为模拟交易状态。,,,
docs_m6,m6_docs,docs/modules/m6/02_decisions.md,md,,,# M6 Decisions | ## D-M6-001｜M6 使用 trading_paper_* 表名前缀 | M6 Paper Trading 域统一使用 `trading_paper_*` 作为物理表名前缀。 | 逻辑对象仍称为 paper_account / paper_portfolio / paper_target_position / paper_order / paper_fill / paper_position / paper_portfolio_snapshot / paper_trade_ledger。,,,
docs_m6,m6_docs,docs/modules/m6/03_schema.md,md,,,--- | # 4. `docs/modules/m6/03_schema.md` | ```md | # M6 Schema｜Paper Trading 数据模型,,,
docs_m6,m6_docs,docs/modules/m6/04_flow.md,md,,,--- | # 5. `docs/modules/m6/04_flow.md` | ```md | # M6 Flow｜Paper Trading 最小闭环流程,,,
docs_m6,m6_docs,docs/modules/m6/05_api_or_contract.md,md,,,--- | # 6. `docs/modules/m6/05_api_or_contract.md` | ```md | # M6 API / Contract｜Paper Trading 内部契约,,,
docs_m6,m6_docs,docs/modules/m6/06_acceptance.md,md,,,--- | # 7. `docs/modules/m6/06_acceptance.md` | ```md | # M6 Acceptance｜验收记录,,,
docs_m6,m6_docs,docs/modules/m6/07_next_chat_brief.md,md,,,# 8. `docs/modules/m6/07_next_chat_brief.md` | ```md | # M6 Next Chat Brief | 项目名称：stock_quant_v2,,,
docs_m6,m6_docs,docs/modules/m6/08_open_items.md,md,,,--- | # 9. `docs/modules/m6/08_open_items.md` | ```md | # M6 Open Items,,,
docs_m6,m6_docs,docs/modules/m6/09_handoff_to_m7.md,md,,,# 10. `docs/modules/m6/09_handoff_to_m7.md` | ```md | # stock_quant_v2｜M6 → M7 交接文档 | 版本：v1.0,,,
docs_m7,m7_docs,docs/modules/m7/01_scope.md,md,,,﻿# M7 Scope | 阶段名称：M7 Paper Trading Multi-Day & Rebalance | ## 本阶段目标 | M7 的目标是将 M6 的单日 Paper Trading 最小闭环扩展为多日推进与调仓闭环。,,,
docs_m7,m7_docs,docs/modules/m7/02_decisions.md,md,,,﻿# M7 Decisions | ## D-M7-001 不修改 strategy_signal | M7 继续沿用 M6 决策：交易域只消费 strategy_signal，不写回、不污染策略域。 | ## D-M7-002 target_position 与实际 position quantity 不同口径,,,
docs_m7,m7_docs,docs/modules/m7/03_schema.md,md,,,﻿# M7 Schema | ## 复用 M6 表 | M7 继续复用： | - trading_paper_target_position,,,
docs_m7,m7_docs,docs/modules/m7/04_flow.md,md,,,﻿# M7 Flow | ## M7.1 Carry Forward | trading_paper_position run 114 | trading_paper_position run 116,,,
docs_m7,m7_docs,docs/modules/m7/05_api_or_contract.md,md,,,﻿# M7 API or Contract | ## 环境变量 | ### M7.1 Carry Forward | - M7_SOURCE_POSITION_RUN_ID,,,
docs_m7,m7_docs,docs/modules/m7/06_acceptance.md,md,,,# M7 Acceptance｜Paper Trading Multi-Day & Rebalance | 项目名称：stock_quant_v2 | 模块：M7 Paper Trading Multi-Day & Rebalance | 状态：PASS,,,
docs_m7,m7_docs,docs/modules/m7/07_next_chat_brief.md,md,,,# M7 Next Chat Brief | 项目名称：stock_quant_v2 | 当前阶段：M7 Paper Trading Multi-Day & Rebalance 已完成增强闭环。 | ## 当前状态,,,
docs_m7,m7_docs,docs/modules/m7/08_open_items.md,md,,,# M7 Open Items | M7 Paper Trading Multi-Day & Rebalance 增强闭环已通过，以下事项不阻塞 M7 验收。 | ## 1. Data Readiness / target universe 行情完整性 | 本次 M7.7 真实 target_quantity sizing 后，目标池 30 个标的在 effective_date=2026-04-22 均缺少当日 core_daily_bar 行情。,,,
docs_m7,m7_docs,docs/modules/m7/09_handoff_to_m8.md,md,,,# M7 Handoff to M8 | 项目名称：stock_quant_v2 | 当前阶段：M7 已完成，准备进入 M8 接口 / 调度 / 运维。 | ## 1. M7 最终结论,,,
docs_m7,m7_docs,docs/modules/m7/m7_risk/01_scope.md,md,,,# M7-Risk Scope | M7-Risk 目标是在不破坏策略清晰度的前提下，建立平台统一风控与约束层。 | ## 边界 | 策略层不内嵌平台级风控。,,,
docs_m7,m7_docs,docs/modules/m7/m7_risk/02_profile_variants.md,md,,,"# M7-Risk.2 Profile Variants | M7-Risk.2 validates that risk profiles are not just logs, but can materially change target positions. | ## Profiles | | profile_code | purpose |",,,
docs_m7,m7_docs,docs/modules/m7/m7_risk/03_acceptance.md,md,,,# M7-Risk Acceptance | 项目名称：stock_quant_v2 | 模块：M7-Risk 统一风控域 | 状态：PASS,,,
docs_m7,m7_docs,docs/modules/m7/m7_risk/04_next_chat_brief.md,md,,,# M7-Risk Next Chat Brief | 项目名称：stock_quant_v2 | 当前模块：M7-Risk 统一风控域 | 当前状态：M7-Risk 最小闭环已完成并验收 PASS。,,,
docs_m7,m7_docs,docs/modules/m7/m7_risk/05_open_items.md,md,,,# M7-Risk Open Items | M7-Risk 最小闭环已通过，本文件记录不阻塞当前验收的后续增强项。 | ## 1. 行业暴露约束 | 目标：,,,
docs_m7,m7_docs,docs/modules/m7/m7_risk/06_handoff_to_m8.md,md,,,# M7-Risk Handoff to M8 | 项目名称：stock_quant_v2 | 当前状态：M7-Risk 最小闭环完成，可进入 M8。 | ## 1. M7-Risk 交付状态,,,
docs_m7,m7_docs,docs/modules/m7/m7_risk/07_risk3_scope.md,md,,,# M7-Risk.3 Scope | M7-Risk.3 covers three additional risk categories: | ```text | R007_INDUSTRY_MAX_WEIGHT,,,
docs_m7,m7_docs,docs/modules/m7/m7_risk/08_risk3_acceptance.md,md,,,# M7-Risk.3 Acceptance｜Exposure / Market Switch / Liquidity | 项目名称：stock_quant_v2 | 模块：M7-Risk.3 | 状态：PASS,,,
docs_m7,m7_docs,docs/modules/m7/m7_risk/09_final_acceptance.md,md,,,# M7-Risk Final Acceptance | 项目名称：stock_quant_v2 | 模块：M7 统一风控域 | 状态：PASS,,,
docs_m7,m7_docs,docs/modules/m7/m7_risk/10_next_chat_brief.md,md,,,# M7-Risk Final Next Chat Brief | 项目名称：stock_quant_v2 | 当前阶段：M7 风控域已完成。 | ## 1. 当前结论,,,
docs_m7,m7_docs,docs/modules/m7/m7_risk/11_open_items_after_risk3.md,md,,,# M7-Risk Open Items After Risk3 | M7 风控域已通过，本文件记录后续增强项。 | ## 1. 行业数据接入 | 当前状态：,,,
docs_m8,m8_docs,docs/modules/m8/01_m8_acceptance_master.md,md,,,## Acceptance Block｜M9.1.1 Platform Overview Narrator Current Stage Consolidated Acceptance | Acceptance ID: M9.1.1-CONSOLIDATED-P0-P0.3 | Module: M9 | Substage: Platform Overview Narrator Consolidated Acceptance,,,
docs_m8,m8_docs,docs/modules/m8/06_acceptance.md,md,,,# M8.1 Acceptance｜Run Monitor + CLI 运维入口 | 项目名称：stock_quant_v2 | 模块：M8.1 Run Monitor + CLI 运维入口 | 状态：PASS,,,
docs_m8,m8_docs,docs/modules/m8/07_next_chat_brief.md,md,,,内容： | # M8.1 Next Chat Brief | 项目名称：stock_quant_v2 | 当前阶段：M8.1 Run Monitor + CLI 运维入口已完成第一轮。,,,
docs_m8,m8_docs,docs/modules/m8/08_m8_2_acceptance.md,md,,,# M8.2 Acceptance｜Ops Report Export Center / Runbook | 项目名称：stock_quant_v2 | 模块：M8.2 Ops Report Export Center / Runbook | 状态：PASS,,,
docs_m8,m8_docs,docs/modules/m8/09_next_chat_brief_after_m8_2.md,md,,,# M8.2 Next Chat Brief | 项目名称：stock_quant_v2 | 当前阶段：M8.2 Ops Report Export Center / Runbook 已完成。 | ## 1. 当前结论,,,
docs_m8,m8_docs,docs/modules/m8/10_m8_3_acceptance.md,md,,,# M8.3 Acceptance｜Daily Ops Orchestration / Scheduler Preparation | 项目名称：stock_quant_v2 | 模块：M8.3 Daily Ops Orchestration / Scheduler Preparation | 状态：PASS,,,
docs_m8,m8_docs,docs/modules/m8/11_next_chat_brief_after_m8_3.md,md,,,M8.3 Next Chat Brief | 项目名称：stock_quant_v2 | 当前阶段：M8.3 Daily Ops Orchestration / Scheduler Preparation 已完成。 | ## 1. 当前结论,,,
docs_m8,m8_docs,docs/modules/m8/12_m8_4_acceptance.md,md,,,# M8.4 Acceptance｜Ops Hygiene / Stale Run Cleanup | 项目名称：stock_quant_v2 | 模块：M8.4 Ops Hygiene / Stale Run Cleanup | 状态：PASS,,,
docs_m8,m8_docs,docs/modules/m8/13_next_chat_brief_after_m8_4.md,md,,,# M8.4 Next Chat Brief | 项目名称：stock_quant_v2 | 当前阶段：M8.4 Ops Hygiene / Stale Run Cleanup 已完成。 | ## 1. 当前结论,,,
docs_m8,m8_docs,docs/modules/m8/14_m8_5_acceptance.md,md,,,M8.5 Acceptance｜Scheduler Adapter / Manual-to-Scheduled Ops | 项目名称：stock_quant_v2 | 模块：M8.5 Scheduler Adapter / Manual-to-Scheduled Ops | 状态：PASS,,,
docs_m8,m8_docs,docs/modules/m8/15_next_chat_brief_after_m8_5.md,md,,,M8.5 Next Chat Brief | 项目名称：stock_quant_v2 | 当前阶段：M8.5 Scheduler Adapter / Manual-to-Scheduled Ops 已完成。 | ## 1. 当前结论,,,
docs_m8,m8_docs,docs/modules/m8/16_m8_6_acceptance.md,md,,,# M8.6 Acceptance｜Ops Dashboard / Human Review Pack | 项目名称：stock_quant_v2 | 模块：M8.6 Ops Dashboard / Human Review Pack | 状态：PASS,,,
docs_m8,m8_docs,docs/modules/m8/17_next_chat_brief_after_m8_6.md,md,,,M8.6 Next Chat Brief | 项目名称：stock_quant_v2 | 当前阶段：M8.6 Ops Dashboard / Human Review Pack 已完成。 | ## 1. 当前结论,,,
docs_m8,m8_docs,docs/modules/m8/18_m8_final_acceptance.md,md,,,# M8 Final Acceptance | 项目名称：stock_quant_v2 | 模块：M8 运维域 | 状态：PASS,,,
docs_m8,m8_docs,docs/modules/m8/19_m8_handoff.md,md,,,M8 Handoff | 项目名称：stock_quant_v2 | 模块：M8 运维域 | 状态：已完成,,,
docs_m8,m8_docs,docs/modules/m8/20_next_chat_brief_for_m9.md,md,,,M9 Next Chat Brief | 项目名称：stock_quant_v2 | 当前阶段：准备进入 M9 AI-Assisted Research & Ops Intelligence。 | ## 1. 已完成模块,,,
docs_m8,m8_docs,docs/modules/m8/21_m8_8_api_openapi.md,md,,,M8.8 FastAPI API / OpenAPI 草案 | 项目名称：stock_quant_v2 | 模块：M8.8 FastAPI API / OpenAPI 草案 | 状态：待验收,,,
docs_m8,m8_docs,docs/modules/m8/22_m8_8_acceptance.md,md,,,M8.8 Acceptance｜FastAPI API / OpenAPI 草案 | 项目名称：stock_quant_v2 | 模块：M8.8 FastAPI API / OpenAPI 草案 | 状态：PASS,,,
docs_m8,m8_docs,docs/modules/m8/24_m8_9_excel_export.md,md,,,# M8.9 Excel Export Center | 项目名称：stock_quant_v2 | 模块：M8.9 Excel 导出中心 | 状态：待验收,,,
docs_m8,m8_docs,docs/modules/m8/25_m8_9_acceptance.md,md,,,# M8.9 Acceptance｜Excel Export Center | 项目名称：stock_quant_v2 | 模块：M8.9 Excel 导出中心 | 状态：PASS,,,
docs_m8,m8_docs,docs/modules/m8/26_next_step_after_m8_9.md,md,,,# M8.9 Next Step Brief | 项目名称：stock_quant_v2 | 当前阶段：M8.9 Excel Export Center 已完成。 | ## 1. 当前结论,,,
docs_m8,m8_docs,docs/modules/m8/27_m8_10_alert_log_audit.md,md,,,M8.10 Ops Alert / Log / Audit 轻量治理 | 项目名称：stock_quant_v2 | 模块：M8.10 Ops Alert / Log / Audit | 状态：待验收,,,
docs_m8,m8_docs,docs/modules/m8/28_m8_10_acceptance.md,md,,,# M8.10 Acceptance｜Ops Alert / Log / Audit 轻量治理 | 项目名称：stock_quant_v2 | 模块：M8.10 Ops Alert / Log / Audit | 状态：PASS,,,
docs_m8,m8_docs,docs/modules/m8/29_next_step_after_m8_10.md,md,,,M8.10 Next Step Brief | 项目名称：stock_quant_v2 | 当前阶段：M8.10 Ops Alert / Log / Audit 轻量治理已完成。 | ## 1. 当前结论,,,
docs_m8,m8_docs,docs/modules/m8/30_m8_11_env_startup_check.md,md,,,# M8.11 Environment Config / Startup Check | 项目名称：stock_quant_v2 | 模块：M8.11 Environment Config / Startup Check | 状态：待验收,,,
docs_m8,m8_docs,docs/modules/m8/31_m8_11_acceptance.md,md,,,# M8.11 Acceptance｜Environment Config / Startup Check | 项目名称：stock_quant_v2 | 模块：M8.11 Environment Config / Startup Check | 状态：PASS,,,
docs_m8,m8_docs,docs/modules/m8/32_next_step_after_m8_11.md,md,,,M8.11 Next Step Brief | 项目名称：stock_quant_v2 | 当前阶段：M8.11 Environment Config / Startup Check 已完成。 | ## 1. 当前结论,,,
docs_m8,m8_docs,docs/modules/m8/33_m8_12_scheduler_registration_final.md,md,,,# M8.12 Scheduler Registration Manual / Final Enhanced Acceptance | 项目名称：stock_quant_v2 | 模块：M8.12 Scheduler Registration Manual / Final Enhanced Acceptance | 状态：待验收,,,
docs_m8,m8_docs,docs/modules/m8/34_m8_12_acceptance.md,md,,,# M8.12 Acceptance｜Scheduler Registration Manual / Final Enhanced Acceptance | 项目名称：stock_quant_v2 | 模块：M8.12 Scheduler Registration Manual / Final Enhanced Acceptance | 状态：PASS,,,
docs_m8,m8_docs,docs/modules/m8/35_m8_enhanced_final_acceptance.md,md,,,# M8 Enhanced Final Acceptance | 项目名称：stock_quant_v2 | 模块：M8 接口、调度与运维域增强版 | 状态：PASS,,,
docs_m8,m8_docs,docs/modules/m8/36_m8_enhanced_handoff.md,md,,,# M8 Enhanced Handoff | 项目名称：stock_quant_v2 | 模块：M8 接口、调度与运维域增强版 | 状态：已完成,,,
docs_m8,m8_docs,docs/modules/m8/37_next_chat_brief_for_m9.md,md,,,# M9 Next Chat Brief | 项目名称：stock_quant_v2 | 当前阶段：准备进入 M9 AI-Assisted Research & Ops Intelligence。 | ## 1. 已完成,,,
