id,run_id,portfolio_id,source_target_run_id,adjusted_target_run_id,profile_code,rule_code,instrument_id,decision_date,decision_type,reason_code,action_taken,before_target_weight,after_target_weight,before_target_quantity,after_target_quantity,before_target_amount,after_target_amount,message
631,167,1,160,166,paper_cn_a_risk3_strict_v1,R007_INDUSTRY_MAX_WEIGHT,5237,2026-04-22,REJECT,R007_MISSING_INDUSTRY,SET_TARGET_ZERO,0.0333333333,0E-10,8600.00000000,0E-8,326456.00000000,0E-8,missing industry classification
632,167,1,160,166,paper_cn_a_risk3_strict_v1,R009_MARKET_RISK_SWITCH,5237,2026-04-22,PASS,R009_MARKET_RISK_SWITCH_SKIPPED_AFTER_REJECT,NO_CHANGE,0E-10,0E-10,0E-8,0E-8,0E-8,0E-8,already rejected
633,167,1,160,166,paper_cn_a_risk3_strict_v1,R011_LIQUIDITY_FILTER,5237,2026-04-22,PASS,R011_LIQUIDITY_FILTER_SKIPPED_AFTER_REJECT,NO_CHANGE,0E-10,0E-10,0E-8,0E-8,0E-8,0E-8,already rejected
634,167,1,160,166,paper_cn_a_risk3_strict_v1,R007_INDUSTRY_MAX_WEIGHT,4115,2026-04-22,REJECT,R007_MISSING_INDUSTRY,SET_TARGET_ZERO,0.0333333333,0E-10,8500.00000000,0E-8,325125.00000000,0E-8,missing industry classification
635,167,1,160,166,paper_cn_a_risk3_strict_v1,R009_MARKET_RISK_SWITCH,4115,2026-04-22,PASS,R009_MARKET_RISK_SWITCH_SKIPPED_AFTER_REJECT,NO_CHANGE,0E-10,0E-10,0E-8,0E-8,0E-8,0E-8,already rejected
636,167,1,160,166,paper_cn_a_risk3_strict_v1,R011_LIQUIDITY_FILTER,4115,2026-04-22,PASS,R011_LIQUIDITY_FILTER_SKIPPED_AFTER_REJECT,NO_CHANGE,0E-10,0E-10,0E-8,0E-8,0E-8,0E-8,already rejected
637,167,1,160,166,paper_cn_a_risk3_strict_v1,R007_INDUSTRY_MAX_WEIGHT,5716,2026-04-22,REJECT,R007_MISSING_INDUSTRY,SET_TARGET_ZERO,0.0333333333,0E-10,5000.00000000,0E-8,325600.00000000,0E-8,missing industry classification
638,167,1,160,166,paper_cn_a_risk3_strict_v1,R009_MARKET_RISK_SWITCH,5716,2026-04-22,PASS,R009_MARKET_RISK_SWITCH_SKIPPED_AFTER_REJECT,NO_CHANGE,0E-10,0E-10,0E-8,0E-8,0E-8,0E-8,already rejected
639,167,1,160,166,paper_cn_a_risk3_strict_v1,R011_LIQUIDITY_FILTER,5716,2026-04-22,PASS,R011_LIQUIDITY_FILTER_SKIPPED_AFTER_REJECT,NO_CHANGE,0E-10,0E-10,0E-8,0E-8,0E-8,0E-8,already rejected
640,167,1,160,166,paper_cn_a_risk3_strict_v1,R007_INDUSTRY_MAX_WEIGHT,1415,2026-04-22,REJECT,R007_MISSING_INDUSTRY,SET_TARGET_ZERO,0.0333333333,0E-10,14000.00000000,0E-8,326760.00000000,0E-8,missing industry classification
641,167,1,160,166,paper_cn_a_risk3_strict_v1,R009_MARKET_RISK_SWITCH,1415,2026-04-22,PASS,R009_MARKET_RISK_SWITCH_SKIPPED_AFTER_REJECT,NO_CHANGE,0E-10,0E-10,0E-8,0E-8,0E-8,0E-8,already rejected
642,167,1,160,166,paper_cn_a_risk3_strict_v1,R011_LIQUIDITY_FILTER,1415,2026-04-22,PASS,R011_LIQUIDITY_FILTER_SKIPPED_AFTER_REJECT,NO_CHANGE,0E-10,0E-10,0E-8,0E-8,0E-8,0E-8,already rejected
643,167,1,160,166,paper_cn_a_risk3_strict_v1,R007_INDUSTRY_MAX_WEIGHT,3048,2026-04-22,REJECT,R007_MISSING_INDUSTRY,SET_TARGET_ZERO,0.0333333333,0E-10,30400.00000000,0E-8,327104.00000000,0E-8,missing industry classification
644,167,1,160,166,paper_cn_a_risk3_strict_v1,R009_MARKET_RISK_SWITCH,3048,2026-04-22,PASS,R009_MARKET_RISK_SWITCH_SKIPPED_AFTER_REJECT,NO_CHANGE,0E-10,0E-10,0E-8,0E-8,0E-8,0E-8,already rejected
645,167,1,160,166,paper_cn_a_risk3_strict_v1,R011_LIQUIDITY_FILTER,3048,2026-04-22,PASS,R011_LIQUIDITY_FILTER_SKIPPED_AFTER_REJECT,NO_CHANGE,0E-10,0E-10,0E-8,0E-8,0E-8,0E-8,already rejected
646,167,1,160,166,paper_cn_a_risk3_strict_v1,R007_INDUSTRY_MAX_WEIGHT,3192,2026-04-22,REJECT,R007_MISSING_INDUSTRY,SET_TARGET_ZERO,0.0333333333,0E-10,21800.00000000,0E-8,326346.00000000,0E-8,missing industry classification
647,167,1,160,166,paper_cn_a_risk3_strict_v1,R009_MARKET_RISK_SWITCH,3192,2026-04-22,PASS,R009_MARKET_RISK_SWITCH_SKIPPED_AFTER_REJECT,NO_CHANGE,0E-10,0E-10,0E-8,0E-8,0E-8,0E-8,already rejected
648,167,1,160,166,paper_cn_a_risk3_strict_v1,R011_LIQUIDITY_FILTER,3192,2026-04-22,PASS,R011_LIQUIDITY_FILTER_SKIPPED_AFTER_REJECT,NO_CHANGE,0E-10,0E-10,0E-8,0E-8,0E-8,0E-8,already rejected
649,167,1,160,166,paper_cn_a_risk3_strict_v1,R007_INDUSTRY_MAX_WEIGHT,4289,2026-04-22,REJECT,R007_MISSING_INDUSTRY,SET_TARGET_ZERO,0.0333333333,0E-10,20000.00000000,0E-8,327600.00000000,0E-8,missing industry classification
650,167,1,160,166,paper_cn_a_risk3_strict_v1,R009_MARKET_RISK_SWITCH,4289,2026-04-22,PASS,R009_MARKET_RISK_SWITCH_SKIPPED_AFTER_REJECT,NO_CHANGE,0E-10,0E-10,0E-8,0E-8,0E-8,0E-8,already rejected
651,167,1,160,166,paper_cn_a_risk3_strict_v1,R011_LIQUIDITY_FILTER,4289,2026-04-22,PASS,R011_LIQUIDITY_FILTER_SKIPPED_AFTER_REJECT,NO_CHANGE,0E-10,0E-10,0E-8,0E-8,0E-8,0E-8,already rejected
652,167,1,160,166,paper_cn_a_risk3_strict_v1,R007_INDUSTRY_MAX_WEIGHT,2391,2026-04-22,REJECT,R007_MISSING_INDUSTRY,SET_TARGET_ZERO,0.0333333333,0E-10,33600.00000000,0E-8,327264.00000000,0E-8,missing industry classification
653,167,1,160,166,paper_cn_a_risk3_strict_v1,R009_MARKET_RISK_SWITCH,2391,2026-04-22,PASS,R009_MARKET_RISK_SWITCH_SKIPPED_AFTER_REJECT,NO_CHANGE,0E-10,0E-10,0E-8,0E-8,0E-8,0E-8,already rejected
654,167,1,160,166,paper_cn_a_risk3_strict_v1,R011_LIQUIDITY_FILTER,2391,2026-04-22,PASS,R011_LIQUIDITY_FILTER_SKIPPED_AFTER_REJECT,NO_CHANGE,0E-10,0E-10,0E-8,0E-8,0E-8,0E-8,already rejected
655,167,1,160,166,paper_cn_a_risk3_strict_v1,R007_INDUSTRY_MAX_WEIGHT,2173,2026-04-22,REJECT,R007_MISSING_INDUSTRY,SET_TARGET_ZERO,0.0333333333,0E-10,26700.00000000,0E-8,327075.00000000,0E-8,missing industry classification
656,167,1,160,166,paper_cn_a_risk3_strict_v1,R009_MARKET_RISK_SWITCH,2173,2026-04-22,PASS,R009_MARKET_RISK_SWITCH_SKIPPED_AFTER_REJECT,NO_CHANGE,0E-10,0E-10,0E-8,0E-8,0E-8,0E-8,already rejected
657,167,1,160,166,paper_cn_a_risk3_strict_v1,R011_LIQUIDITY_FILTER,2173,2026-04-22,PASS,R011_LIQUIDITY_FILTER_SKIPPED_AFTER_REJECT,NO_CHANGE,0E-10,0E-10,0E-8,0E-8,0E-8,0E-8,already rejected
658,167,1,160,166,paper_cn_a_risk3_strict_v1,R007_INDUSTRY_MAX_WEIGHT,819,2026-04-22,REJECT,R007_MISSING_INDUSTRY,SET_TARGET_ZERO,0.0333333333,0E-10,33300.00000000,0E-8,327339.00000000,0E-8,missing industry classification
659,167,1,160,166,paper_cn_a_risk3_strict_v1,R009_MARKET_RISK_SWITCH,819,2026-04-22,PASS,R009_MARKET_RISK_SWITCH_SKIPPED_AFTER_REJECT,NO_CHANGE,0E-10,0E-10,0E-8,0E-8,0E-8,0E-8,already rejected
660,167,1,160,166,paper_cn_a_risk3_strict_v1,R011_LIQUIDITY_FILTER,819,2026-04-22,PASS,R011_LIQUIDITY_FILTER_SKIPPED_AFTER_REJECT,NO_CHANGE,0E-10,0E-10,0E-8,0E-8,0E-8,0E-8,already rejected
661,167,1,160,166,paper_cn_a_risk3_strict_v1,R007_INDUSTRY_MAX_WEIGHT,2784,2026-04-22,REJECT,R007_MISSING_INDUSTRY,SET_TARGET_ZERO,0.0333333333,0E-10,32600.00000000,0E-8,327304.00000000,0E-8,missing industry classification
662,167,1,160,166,paper_cn_a_risk3_strict_v1,R009_MARKET_RISK_SWITCH,2784,2026-04-22,PASS,R009_MARKET_RISK_SWITCH_SKIPPED_AFTER_REJECT,NO_CHANGE,0E-10,0E-10,0E-8,0E-8,0E-8,0E-8,already rejected
663,167,1,160,166,paper_cn_a_risk3_strict_v1,R011_LIQUIDITY_FILTER,2784,2026-04-22,PASS,R011_LIQUIDITY_FILTER_SKIPPED_AFTER_REJECT,NO_CHANGE,0E-10,0E-10,0E-8,0E-8,0E-8,0E-8,already rejected
664,167,1,160,166,paper_cn_a_risk3_strict_v1,R007_INDUSTRY_MAX_WEIGHT,4929,2026-04-22,REJECT,R007_MISSING_INDUSTRY,SET_TARGET_ZERO,0.0333333333,0E-10,5900.00000000,0E-8,323733.00000000,0E-8,missing industry classification
665,167,1,160,166,paper_cn_a_risk3_strict_v1,R009_MARKET_RISK_SWITCH,4929,2026-04-22,PASS,R009_MARKET_RISK_SWITCH_SKIPPED_AFTER_REJECT,NO_CHANGE,0E-10,0E-10,0E-8,0E-8,0E-8,0E-8,already rejected
666,167,1,160,166,paper_cn_a_risk3_strict_v1,R011_LIQUIDITY_FILTER,4929,2026-04-22,PASS,R011_LIQUIDITY_FILTER_SKIPPED_AFTER_REJECT,NO_CHANGE,0E-10,0E-10,0E-8,0E-8,0E-8,0E-8,already rejected
667,167,1,160,166,paper_cn_a_risk3_strict_v1,R007_INDUSTRY_MAX_WEIGHT,3981,2026-04-22,REJECT,R007_MISSING_INDUSTRY,SET_TARGET_ZERO,0.0333333333,0E-10,7100.00000000,0E-8,325180.00000000,0E-8,missing industry classification
668,167,1,160,166,paper_cn_a_risk3_strict_v1,R009_MARKET_RISK_SWITCH,3981,2026-04-22,PASS,R009_MARKET_RISK_SWITCH_SKIPPED_AFTER_REJECT,NO_CHANGE,0E-10,0E-10,0E-8,0E-8,0E-8,0E-8,already rejected
669,167,1,160,166,paper_cn_a_risk3_strict_v1,R011_LIQUIDITY_FILTER,3981,2026-04-22,PASS,R011_LIQUIDITY_FILTER_SKIPPED_AFTER_REJECT,NO_CHANGE,0E-10,0E-10,0E-8,0E-8,0E-8,0E-8,already rejected
670,167,1,160,166,paper_cn_a_risk3_strict_v1,R007_INDUSTRY_MAX_WEIGHT,2182,2026-04-22,REJECT,R007_MISSING_INDUSTRY,SET_TARGET_ZERO,0.0333333333,0E-10,96600.00000000,0E-8,327474.00000000,0E-8,missing industry classification
671,167,1,160,166,paper_cn_a_risk3_strict_v1,R009_MARKET_RISK_SWITCH,2182,2026-04-22,PASS,R009_MARKET_RISK_SWITCH_SKIPPED_AFTER_REJECT,NO_CHANGE,0E-10,0E-10,0E-8,0E-8,0E-8,0E-8,already rejected
672,167,1,160,166,paper_cn_a_risk3_strict_v1,R011_LIQUIDITY_FILTER,2182,2026-04-22,PASS,R011_LIQUIDITY_FILTER_SKIPPED_AFTER_REJECT,NO_CHANGE,0E-10,0E-10,0E-8,0E-8,0E-8,0E-8,already rejected
673,167,1,160,166,paper_cn_a_risk3_strict_v1,R007_INDUSTRY_MAX_WEIGHT,5678,2026-04-22,REJECT,R007_MISSING_INDUSTRY,SET_TARGET_ZERO,0.0333333333,0E-10,7500.00000000,0E-8,326475.00000000,0E-8,missing industry classification
674,167,1,160,166,paper_cn_a_risk3_strict_v1,R009_MARKET_RISK_SWITCH,5678,2026-04-22,PASS,R009_MARKET_RISK_SWITCH_SKIPPED_AFTER_REJECT,NO_CHANGE,0E-10,0E-10,0E-8,0E-8,0E-8,0E-8,already rejected
675,167,1,160,166,paper_cn_a_risk3_strict_v1,R011_LIQUIDITY_FILTER,5678,2026-04-22,PASS,R011_LIQUIDITY_FILTER_SKIPPED_AFTER_REJECT,NO_CHANGE,0E-10,0E-10,0E-8,0E-8,0E-8,0E-8,already rejected
676,167,1,160,166,paper_cn_a_risk3_strict_v1,R007_INDUSTRY_MAX_WEIGHT,4175,2026-04-22,REJECT,R007_MISSING_INDUSTRY,SET_TARGET_ZERO,0.0333333333,0E-10,14600.00000000,0E-8,325726.00000000,0E-8,missing industry classification
677,167,1,160,166,paper_cn_a_risk3_strict_v1,R009_MARKET_RISK_SWITCH,4175,2026-04-22,PASS,R009_MARKET_RISK_SWITCH_SKIPPED_AFTER_REJECT,NO_CHANGE,0E-10,0E-10,0E-8,0E-8,0E-8,0E-8,already rejected
678,167,1,160,166,paper_cn_a_risk3_strict_v1,R011_LIQUIDITY_FILTER,4175,2026-04-22,PASS,R011_LIQUIDITY_FILTER_SKIPPED_AFTER_REJECT,NO_CHANGE,0E-10,0E-10,0E-8,0E-8,0E-8,0E-8,already rejected
679,167,1,160,166,paper_cn_a_risk3_strict_v1,R007_INDUSTRY_MAX_WEIGHT,4461,2026-04-22,REJECT,R007_MISSING_INDUSTRY,SET_TARGET_ZERO,0.0333333333,0E-10,5700.00000000,0E-8,322848.00000000,0E-8,missing industry classification
680,167,1,160,166,paper_cn_a_risk3_strict_v1,R009_MARKET_RISK_SWITCH,4461,2026-04-22,PASS,R009_MARKET_RISK_SWITCH_SKIPPED_AFTER_REJECT,NO_CHANGE,0E-10,0E-10,0E-8,0E-8,0E-8,0E-8,already rejected
681,167,1,160,166,paper_cn_a_risk3_strict_v1,R011_LIQUIDITY_FILTER,4461,2026-04-22,PASS,R011_LIQUIDITY_FILTER_SKIPPED_AFTER_REJECT,NO_CHANGE,0E-10,0E-10,0E-8,0E-8,0E-8,0E-8,already rejected
682,167,1,160,166,paper_cn_a_risk3_strict_v1,R007_INDUSTRY_MAX_WEIGHT,1637,2026-04-22,REJECT,R007_MISSING_INDUSTRY,SET_TARGET_ZERO,0.0333333333,0E-10,17400.00000000,0E-8,327294.00000000,0E-8,missing industry classification
683,167,1,160,166,paper_cn_a_risk3_strict_v1,R009_MARKET_RISK_SWITCH,1637,2026-04-22,PASS,R009_MARKET_RISK_SWITCH_SKIPPED_AFTER_REJECT,NO_CHANGE,0E-10,0E-10,0E-8,0E-8,0E-8,0E-8,already rejected
684,167,1,160,166,paper_cn_a_risk3_strict_v1,R011_LIQUIDITY_FILTER,1637,2026-04-22,PASS,R011_LIQUIDITY_FILTER_SKIPPED_AFTER_REJECT,NO_CHANGE,0E-10,0E-10,0E-8,0E-8,0E-8,0E-8,already rejected
685,167,1,160,166,paper_cn_a_risk3_strict_v1,R007_INDUSTRY_MAX_WEIGHT,3062,2026-04-22,REJECT,R007_MISSING_INDUSTRY,SET_TARGET_ZERO,0.0333333333,0E-10,22400.00000000,0E-8,327040.00000000,0E-8,missing industry classification
686,167,1,160,166,paper_cn_a_risk3_strict_v1,R009_MARKET_RISK_SWITCH,3062,2026-04-22,PASS,R009_MARKET_RISK_SWITCH_SKIPPED_AFTER_REJECT,NO_CHANGE,0E-10,0E-10,0E-8,0E-8,0E-8,0E-8,already rejected
687,167,1,160,166,paper_cn_a_risk3_strict_v1,R011_LIQUIDITY_FILTER,3062,2026-04-22,PASS,R011_LIQUIDITY_FILTER_SKIPPED_AFTER_REJECT,NO_CHANGE,0E-10,0E-10,0E-8,0E-8,0E-8,0E-8,already rejected
688,167,1,160,166,paper_cn_a_risk3_strict_v1,R007_INDUSTRY_MAX_WEIGHT,4435,2026-04-22,REJECT,R007_MISSING_INDUSTRY,SET_TARGET_ZERO,0.0333333333,0E-10,11500.00000000,0E-8,326140.00000000,0E-8,missing industry classification
689,167,1,160,166,paper_cn_a_risk3_strict_v1,R009_MARKET_RISK_SWITCH,4435,2026-04-22,PASS,R009_MARKET_RISK_SWITCH_SKIPPED_AFTER_REJECT,NO_CHANGE,0E-10,0E-10,0E-8,0E-8,0E-8,0E-8,already rejected
690,167,1,160,166,paper_cn_a_risk3_strict_v1,R011_LIQUIDITY_FILTER,4435,2026-04-22,PASS,R011_LIQUIDITY_FILTER_SKIPPED_AFTER_REJECT,NO_CHANGE,0E-10,0E-10,0E-8,0E-8,0E-8,0E-8,already rejected
691,167,1,160,166,paper_cn_a_risk3_strict_v1,R007_INDUSTRY_MAX_WEIGHT,5649,2026-04-22,REJECT,R007_MISSING_INDUSTRY,SET_TARGET_ZERO,0.0333333333,0E-10,6000.00000000,0E-8,326880.00000000,0E-8,missing industry classification
692,167,1,160,166,paper_cn_a_risk3_strict_v1,R009_MARKET_RISK_SWITCH,5649,2026-04-22,PASS,R009_MARKET_RISK_SWITCH_SKIPPED_AFTER_REJECT,NO_CHANGE,0E-10,0E-10,0E-8,0E-8,0E-8,0E-8,already rejected
693,167,1,160,166,paper_cn_a_risk3_strict_v1,R011_LIQUIDITY_FILTER,5649,2026-04-22,PASS,R011_LIQUIDITY_FILTER_SKIPPED_AFTER_REJECT,NO_CHANGE,0E-10,0E-10,0E-8,0E-8,0E-8,0E-8,already rejected
694,167,1,160,166,paper_cn_a_risk3_strict_v1,R007_INDUSTRY_MAX_WEIGHT,4379,2026-04-22,REJECT,R007_MISSING_INDUSTRY,SET_TARGET_ZERO,0.0333333333,0E-10,9100.00000000,0E-8,326326.00000000,0E-8,missing industry classification
695,167,1,160,166,paper_cn_a_risk3_strict_v1,R009_MARKET_RISK_SWITCH,4379,2026-04-22,PASS,R009_MARKET_RISK_SWITCH_SKIPPED_AFTER_REJECT,NO_CHANGE,0E-10,0E-10,0E-8,0E-8,0E-8,0E-8,already rejected
696,167,1,160,166,paper_cn_a_risk3_strict_v1,R011_LIQUIDITY_FILTER,4379,2026-04-22,PASS,R011_LIQUIDITY_FILTER_SKIPPED_AFTER_REJECT,NO_CHANGE,0E-10,0E-10,0E-8,0E-8,0E-8,0E-8,already rejected
697,167,1,160,166,paper_cn_a_risk3_strict_v1,R007_INDUSTRY_MAX_WEIGHT,1508,2026-04-22,REJECT,R007_MISSING_INDUSTRY,SET_TARGET_ZERO,0.0333333333,0E-10,9900.00000000,0E-8,326898.00000000,0E-8,missing industry classification
698,167,1,160,166,paper_cn_a_risk3_strict_v1,R009_MARKET_RISK_SWITCH,1508,2026-04-22,PASS,R009_MARKET_RISK_SWITCH_SKIPPED_AFTER_REJECT,NO_CHANGE,0E-10,0E-10,0E-8,0E-8,0E-8,0E-8,already rejected
699,167,1,160,166,paper_cn_a_risk3_strict_v1,R011_LIQUIDITY_FILTER,1508,2026-04-22,PASS,R011_LIQUIDITY_FILTER_SKIPPED_AFTER_REJECT,NO_CHANGE,0E-10,0E-10,0E-8,0E-8,0E-8,0E-8,already rejected
700,167,1,160,166,paper_cn_a_risk3_strict_v1,R007_INDUSTRY_MAX_WEIGHT,2464,2026-04-22,REJECT,R007_MISSING_INDUSTRY,SET_TARGET_ZERO,0.0333333333,0E-10,14400.00000000,0E-8,326736.00000000,0E-8,missing industry classification
701,167,1,160,166,paper_cn_a_risk3_strict_v1,R009_MARKET_RISK_SWITCH,2464,2026-04-22,PASS,R009_MARKET_RISK_SWITCH_SKIPPED_AFTER_REJECT,NO_CHANGE,0E-10,0E-10,0E-8,0E-8,0E-8,0E-8,already rejected
702,167,1,160,166,paper_cn_a_risk3_strict_v1,R011_LIQUIDITY_FILTER,2464,2026-04-22,PASS,R011_LIQUIDITY_FILTER_SKIPPED_AFTER_REJECT,NO_CHANGE,0E-10,0E-10,0E-8,0E-8,0E-8,0E-8,already rejected
703,167,1,160,166,paper_cn_a_risk3_strict_v1,R007_INDUSTRY_MAX_WEIGHT,2703,2026-04-22,REJECT,R007_MISSING_INDUSTRY,SET_TARGET_ZERO,0.0333333333,0E-10,6300.00000000,0E-8,327348.00000000,0E-8,missing industry classification
704,167,1,160,166,paper_cn_a_risk3_strict_v1,R009_MARKET_RISK_SWITCH,2703,2026-04-22,PASS,R009_MARKET_RISK_SWITCH_SKIPPED_AFTER_REJECT,NO_CHANGE,0E-10,0E-10,0E-8,0E-8,0E-8,0E-8,already rejected
705,167,1,160,166,paper_cn_a_risk3_strict_v1,R011_LIQUIDITY_FILTER,2703,2026-04-22,PASS,R011_LIQUIDITY_FILTER_SKIPPED_AFTER_REJECT,NO_CHANGE,0E-10,0E-10,0E-8,0E-8,0E-8,0E-8,already rejected
706,167,1,160,166,paper_cn_a_risk3_strict_v1,R007_INDUSTRY_MAX_WEIGHT,2327,2026-04-22,REJECT,R007_MISSING_INDUSTRY,SET_TARGET_ZERO,0.0333333333,0E-10,31600.00000000,0E-8,326744.00000000,0E-8,missing industry classification
707,167,1,160,166,paper_cn_a_risk3_strict_v1,R009_MARKET_RISK_SWITCH,2327,2026-04-22,PASS,R009_MARKET_RISK_SWITCH_SKIPPED_AFTER_REJECT,NO_CHANGE,0E-10,0E-10,0E-8,0E-8,0E-8,0E-8,already rejected
708,167,1,160,166,paper_cn_a_risk3_strict_v1,R011_LIQUIDITY_FILTER,2327,2026-04-22,PASS,R011_LIQUIDITY_FILTER_SKIPPED_AFTER_REJECT,NO_CHANGE,0E-10,0E-10,0E-8,0E-8,0E-8,0E-8,already rejected
709,167,1,160,166,paper_cn_a_risk3_strict_v1,R007_INDUSTRY_MAX_WEIGHT,1988,2026-04-22,REJECT,R007_MISSING_INDUSTRY,SET_TARGET_ZERO,0.0333333333,0E-10,4900.00000000,0E-8,327418.00000000,0E-8,missing industry classification
710,167,1,160,166,paper_cn_a_risk3_strict_v1,R009_MARKET_RISK_SWITCH,1988,2026-04-22,PASS,R009_MARKET_RISK_SWITCH_SKIPPED_AFTER_REJECT,NO_CHANGE,0E-10,0E-10,0E-8,0E-8,0E-8,0E-8,already rejected
711,167,1,160,166,paper_cn_a_risk3_strict_v1,R011_LIQUIDITY_FILTER,1988,2026-04-22,PASS,R011_LIQUIDITY_FILTER_SKIPPED_AFTER_REJECT,NO_CHANGE,0E-10,0E-10,0E-8,0E-8,0E-8,0E-8,already rejected
712,167,1,160,166,paper_cn_a_risk3_strict_v1,R007_INDUSTRY_MAX_WEIGHT,3300,2026-04-22,REJECT,R007_MISSING_INDUSTRY,SET_TARGET_ZERO,0.0333333333,0E-10,10000.00000000,0E-8,326000.00000000,0E-8,missing industry classification
713,167,1,160,166,paper_cn_a_risk3_strict_v1,R009_MARKET_RISK_SWITCH,3300,2026-04-22,PASS,R009_MARKET_RISK_SWITCH_SKIPPED_AFTER_REJECT,NO_CHANGE,0E-10,0E-10,0E-8,0E-8,0E-8,0E-8,already rejected
714,167,1,160,166,paper_cn_a_risk3_strict_v1,R011_LIQUIDITY_FILTER,3300,2026-04-22,PASS,R011_LIQUIDITY_FILTER_SKIPPED_AFTER_REJECT,NO_CHANGE,0E-10,0E-10,0E-8,0E-8,0E-8,0E-8,already rejected
715,167,1,160,166,paper_cn_a_risk3_strict_v1,R007_INDUSTRY_MAX_WEIGHT,5801,2026-04-22,REJECT,R007_MISSING_INDUSTRY,SET_TARGET_ZERO,0.0333333333,0E-10,5800.00000000,0E-8,326946.00000000,0E-8,missing industry classification
716,167,1,160,166,paper_cn_a_risk3_strict_v1,R009_MARKET_RISK_SWITCH,5801,2026-04-22,PASS,R009_MARKET_RISK_SWITCH_SKIPPED_AFTER_REJECT,NO_CHANGE,0E-10,0E-10,0E-8,0E-8,0E-8,0E-8,already rejected
717,167,1,160,166,paper_cn_a_risk3_strict_v1,R011_LIQUIDITY_FILTER,5801,2026-04-22,PASS,R011_LIQUIDITY_FILTER_SKIPPED_AFTER_REJECT,NO_CHANGE,0E-10,0E-10,0E-8,0E-8,0E-8,0E-8,already rejected
718,167,1,160,166,paper_cn_a_risk3_strict_v1,R007_INDUSTRY_MAX_WEIGHT,717,2026-04-22,REJECT,R007_MISSING_INDUSTRY,SET_TARGET_ZERO,0.0333333333,0E-10,84200.00000000,0E-8,327538.00000000,0E-8,missing industry classification
719,167,1,160,166,paper_cn_a_risk3_strict_v1,R009_MARKET_RISK_SWITCH,717,2026-04-22,PASS,R009_MARKET_RISK_SWITCH_SKIPPED_AFTER_REJECT,NO_CHANGE,0E-10,0E-10,0E-8,0E-8,0E-8,0E-8,already rejected
720,167,1,160,166,paper_cn_a_risk3_strict_v1,R011_LIQUIDITY_FILTER,717,2026-04-22,PASS,R011_LIQUIDITY_FILTER_SKIPPED_AFTER_REJECT,NO_CHANGE,0E-10,0E-10,0E-8,0E-8,0E-8,0E-8,already rejected
