id,run_type,run_name,status,trigger_type,requested_at,started_at,ended_at,created_at,updated_at,error_message
215,RISK_ADJ_TARGET,M7 Risk Adjusted Target Position,SUCCESS,MANUAL,2026-04-23T13:57:44.026722+00:00,2026-04-23T13:57:44.026722+00:00,2026-04-23T13:57:44.026722+00:00,2026-04-23T13:57:44.026722+00:00,2026-04-23T13:57:44.026722+00:00,
214,PAPER_RISK,M7 Risk Apply To Target,SUCCESS,MANUAL,2026-04-23T13:57:44.026722+00:00,2026-04-23T13:57:44.026722+00:00,2026-04-23T13:57:44.026722+00:00,2026-04-23T13:57:44.026722+00:00,2026-04-23T13:57:44.026722+00:00,
213,RISK_ADJ_TARGET,M7 Risk Adjusted Target Position,SUCCESS,MANUAL,2026-04-23T13:56:02.793715+00:00,2026-04-23T13:56:02.793715+00:00,2026-04-23T13:56:02.793715+00:00,2026-04-23T13:56:02.793715+00:00,2026-04-23T13:56:02.793715+00:00,
212,PAPER_RISK,M7 Risk Apply To Target,SUCCESS,MANUAL,2026-04-23T13:56:02.793715+00:00,2026-04-23T13:56:02.793715+00:00,2026-04-23T13:56:02.793715+00:00,2026-04-23T13:56:02.793715+00:00,2026-04-23T13:56:02.793715+00:00,
211,RISK_ADJ_TARGET,M7 Risk Adjusted Target Position,SUCCESS,MANUAL,2026-04-23T13:52:58.004149+00:00,2026-04-23T13:52:58.004149+00:00,2026-04-23T13:52:58.004149+00:00,2026-04-23T13:52:58.004149+00:00,2026-04-23T13:52:58.004149+00:00,
210,PAPER_RISK,M7 Risk Apply To Target,SUCCESS,MANUAL,2026-04-23T13:52:58.004149+00:00,2026-04-23T13:52:58.004149+00:00,2026-04-23T13:52:58.004149+00:00,2026-04-23T13:52:58.004149+00:00,2026-04-23T13:52:58.004149+00:00,
209,RISK_ADJ_TARGET,M7 Risk Adjusted Target Position,SUCCESS,MANUAL,2026-04-23T13:48:44.664459+00:00,2026-04-23T13:48:44.664459+00:00,2026-04-23T13:48:44.664459+00:00,2026-04-23T13:48:44.664459+00:00,2026-04-23T13:48:44.664459+00:00,
208,PAPER_RISK,M7 Risk Apply To Target,SUCCESS,MANUAL,2026-04-23T13:48:44.664459+00:00,2026-04-23T13:48:44.664459+00:00,2026-04-23T13:48:44.664459+00:00,2026-04-23T13:48:44.664459+00:00,2026-04-23T13:48:44.664459+00:00,
207,RISK_ADJ_TARGET,M7 Risk Adjusted Target Position,SUCCESS,MANUAL,2026-04-23T13:46:23.947887+00:00,2026-04-23T13:46:23.947887+00:00,2026-04-23T13:46:23.947887+00:00,2026-04-23T13:46:23.947887+00:00,2026-04-23T13:46:23.947887+00:00,
206,PAPER_RISK,M7 Risk Apply To Target,SUCCESS,MANUAL,2026-04-23T13:46:23.947887+00:00,2026-04-23T13:46:23.947887+00:00,2026-04-23T13:46:23.947887+00:00,2026-04-23T13:46:23.947887+00:00,2026-04-23T13:46:23.947887+00:00,
205,RISK_ADJ_TARGET,M7 Risk Adjusted Target Position,SUCCESS,MANUAL,2026-04-23T13:44:21.373388+00:00,2026-04-23T13:44:21.373388+00:00,2026-04-23T13:44:21.373388+00:00,2026-04-23T13:44:21.373388+00:00,2026-04-23T13:44:21.373388+00:00,
204,PAPER_RISK,M7 Risk Apply To Target,SUCCESS,MANUAL,2026-04-23T13:44:21.373388+00:00,2026-04-23T13:44:21.373388+00:00,2026-04-23T13:44:21.373388+00:00,2026-04-23T13:44:21.373388+00:00,2026-04-23T13:44:21.373388+00:00,
203,RISK_ADJ_TARGET,M7 Risk Adjusted Target Position,SUCCESS,MANUAL,2026-04-23T13:40:51.909642+00:00,2026-04-23T13:40:51.909642+00:00,2026-04-23T13:40:51.909642+00:00,2026-04-23T13:40:51.909642+00:00,2026-04-23T13:40:51.909642+00:00,
202,PAPER_RISK,M7 Risk Apply To Target,SUCCESS,MANUAL,2026-04-23T13:40:51.909642+00:00,2026-04-23T13:40:51.909642+00:00,2026-04-23T13:40:51.909642+00:00,2026-04-23T13:40:51.909642+00:00,2026-04-23T13:40:51.909642+00:00,
201,RISK_ADJ_TARGET,M7 Risk Adjusted Target Position,SUCCESS,MANUAL,2026-04-23T13:37:16.626395+00:00,2026-04-23T13:37:16.626395+00:00,2026-04-23T13:37:16.626395+00:00,2026-04-23T13:37:16.626395+00:00,2026-04-23T13:37:16.626395+00:00,
200,PAPER_RISK,M7 Risk Apply To Target,SUCCESS,MANUAL,2026-04-23T13:37:16.626395+00:00,2026-04-23T13:37:16.626395+00:00,2026-04-23T13:37:16.626395+00:00,2026-04-23T13:37:16.626395+00:00,2026-04-23T13:37:16.626395+00:00,
199,RISK_ADJ_TARGET,M7 Risk Adjusted Target Position,SUCCESS,MANUAL,2026-04-23T13:35:22.407625+00:00,2026-04-23T13:35:22.407625+00:00,2026-04-23T13:35:22.407625+00:00,2026-04-23T13:35:22.407625+00:00,2026-04-23T13:35:22.407625+00:00,
198,PAPER_RISK,M7 Risk Apply To Target,SUCCESS,MANUAL,2026-04-23T13:35:22.407625+00:00,2026-04-23T13:35:22.407625+00:00,2026-04-23T13:35:22.407625+00:00,2026-04-23T13:35:22.407625+00:00,2026-04-23T13:35:22.407625+00:00,
197,RISK_ADJ_TARGET,M7 Risk Adjusted Target Position,SUCCESS,MANUAL,2026-04-23T13:32:06.586321+00:00,2026-04-23T13:32:06.586321+00:00,2026-04-23T13:32:06.586321+00:00,2026-04-23T13:32:06.586321+00:00,2026-04-23T13:32:06.586321+00:00,
196,PAPER_RISK,M7 Risk Apply To Target,SUCCESS,MANUAL,2026-04-23T13:32:06.586321+00:00,2026-04-23T13:32:06.586321+00:00,2026-04-23T13:32:06.586321+00:00,2026-04-23T13:32:06.586321+00:00,2026-04-23T13:32:06.586321+00:00,
195,RISK_ADJ_TARGET,M7 Risk Adjusted Target Position,SUCCESS,MANUAL,2026-04-23T13:28:42.031422+00:00,2026-04-23T13:28:42.031422+00:00,2026-04-23T13:28:42.031422+00:00,2026-04-23T13:28:42.031422+00:00,2026-04-23T13:28:42.031422+00:00,
194,PAPER_RISK,M7 Risk Apply To Target,SUCCESS,MANUAL,2026-04-23T13:28:42.031422+00:00,2026-04-23T13:28:42.031422+00:00,2026-04-23T13:28:42.031422+00:00,2026-04-23T13:28:42.031422+00:00,2026-04-23T13:28:42.031422+00:00,
193,RISK_ADJ_TARGET,M7 Risk Adjusted Target Position,SUCCESS,MANUAL,2026-04-23T13:25:28.873661+00:00,2026-04-23T13:25:28.873661+00:00,2026-04-23T13:25:28.873661+00:00,2026-04-23T13:25:28.873661+00:00,2026-04-23T13:25:28.873661+00:00,
192,PAPER_RISK,M7 Risk Apply To Target,SUCCESS,MANUAL,2026-04-23T13:25:28.873661+00:00,2026-04-23T13:25:28.873661+00:00,2026-04-23T13:25:28.873661+00:00,2026-04-23T13:25:28.873661+00:00,2026-04-23T13:25:28.873661+00:00,
191,paper_trade_ledger,M6 Paper Trade Ledger First Chain,SUCCESS,MANUAL,2026-04-23T13:19:45.751617+00:00,2026-04-23T13:19:45.751617+00:00,2026-04-23T13:19:45.751617+00:00,2026-04-23T13:19:45.751617+00:00,2026-04-23T13:19:45.751617+00:00,
190,paper_position_snapshot,M6 Paper Position Snapshot First Chain,SUCCESS,MANUAL,2026-04-23T13:19:45.125301+00:00,2026-04-23T13:19:45.125301+00:00,2026-04-23T13:19:45.125301+00:00,2026-04-23T13:19:45.125301+00:00,2026-04-23T13:19:45.125301+00:00,
189,paper_fill,M6 Paper Fill First Chain,SUCCESS,MANUAL,2026-04-23T13:19:44.448578+00:00,2026-04-23T13:19:44.448578+00:00,2026-04-23T13:19:44.448578+00:00,2026-04-23T13:19:44.448578+00:00,2026-04-23T13:19:44.448578+00:00,
188,paper_order,M6 Paper Order First Chain,SUCCESS,MANUAL,2026-04-23T13:19:43.798899+00:00,2026-04-23T13:19:43.798899+00:00,2026-04-23T13:19:43.798899+00:00,2026-04-23T13:19:43.798899+00:00,2026-04-23T13:19:43.798899+00:00,
187,paper_target_position,M6 Paper Target Position First Chain,SUCCESS,MANUAL,2026-04-23T13:19:42.917326+00:00,2026-04-23T13:19:42.917326+00:00,2026-04-23T13:19:42.917326+00:00,2026-04-23T13:19:42.917326+00:00,2026-04-23T13:19:42.917326+00:00,
186,paper_target_position,M6 Paper Target Position First Chain,SUCCESS,MANUAL,2026-04-23T13:13:27.108048+00:00,2026-04-23T13:13:27.108048+00:00,2026-04-23T13:13:27.108048+00:00,2026-04-23T13:13:27.108048+00:00,2026-04-23T13:13:27.108048+00:00,
185,backtest,M5 Backtest Request Skeleton,SUCCESS,MANUAL,,2026-04-23T13:09:05.406414+00:00,,2026-04-23T13:09:05.406414+00:00,2026-04-23T13:09:06.376066+00:00,
184,screen,M5 Screen First Chain,SUCCESS,MANUAL,,2026-04-23T13:09:04.444826+00:00,,2026-04-23T13:09:04.444826+00:00,2026-04-23T13:09:04.569229+00:00,
183,backtest,M5 Backtest Request Skeleton,SUCCESS,MANUAL,,2026-04-23T13:03:52.799594+00:00,,2026-04-23T13:03:52.799594+00:00,2026-04-23T13:03:52.883255+00:00,
182,screen,M5 Screen First Chain,SUCCESS,MANUAL,,2026-04-23T13:03:51.819515+00:00,,2026-04-23T13:03:51.819515+00:00,2026-04-23T13:03:51.962707+00:00,
180,strategy_signal_build,bootstrap_m4_rule_strategy_chain,SUCCESS,manual,2026-04-23T12:53:44.683473+00:00,2026-04-23T12:53:44.683473+00:00,2026-04-23T12:53:45.069542+00:00,2026-04-23T12:53:44.064240+00:00,2026-04-23T12:53:44.064240+00:00,
179,DATA_SYNC,bootstrap_m3_label_chain,SUCCESS,MANUAL,2026-04-23T12:34:15.904795+00:00,2026-04-23T12:34:15.917642+00:00,2026-04-23T12:34:17.428163+00:00,2026-04-23T12:34:15.303110+00:00,2026-04-23T12:34:16.825600+00:00,
178,DATA_SYNC,bootstrap_m3_feature_chain,SUCCESS,MANUAL,2026-04-23T12:34:13.505777+00:00,2026-04-23T12:34:13.521484+00:00,2026-04-23T12:34:15.404991+00:00,2026-04-23T12:34:12.905187+00:00,2026-04-23T12:34:14.802128+00:00,
177,DATA_SYNC,bootstrap_m3_factor_chain,SUCCESS,MANUAL,2026-04-23T12:34:11.301076+00:00,2026-04-23T12:34:11.317518+00:00,2026-04-23T12:34:12.993836+00:00,2026-04-23T12:34:10.700484+00:00,2026-04-23T12:34:12.390534+00:00,
176,DATA_SYNC,bootstrap_m3_indicator_chain,SUCCESS,MANUAL,2026-04-23T12:33:57.123870+00:00,2026-04-23T12:33:57.142722+00:00,2026-04-23T12:34:10.795832+00:00,2026-04-23T12:33:56.523898+00:00,2026-04-23T12:34:10.195214+00:00,
175,DATA_SYNC,bootstrap_m3_label_chain,SUCCESS,MANUAL,2026-04-23T12:33:30.266430+00:00,2026-04-23T12:33:30.280293+00:00,2026-04-23T12:33:31.674716+00:00,2026-04-23T12:33:29.664599+00:00,2026-04-23T12:33:31.071390+00:00,
174,DATA_SYNC,bootstrap_m3_feature_chain,SUCCESS,MANUAL,2026-04-23T12:33:27.990681+00:00,2026-04-23T12:33:28.006191+00:00,2026-04-23T12:33:29.768838+00:00,2026-04-23T12:33:27.389097+00:00,2026-04-23T12:33:29.165455+00:00,
173,DATA_SYNC,bootstrap_m3_factor_chain,SUCCESS,MANUAL,2026-04-23T12:33:25.838751+00:00,2026-04-23T12:33:25.856356+00:00,2026-04-23T12:33:27.479472+00:00,2026-04-23T12:33:25.236974+00:00,2026-04-23T12:33:26.875824+00:00,
172,DATA_SYNC,bootstrap_m3_indicator_chain,SUCCESS,MANUAL,2026-04-23T12:33:10.840125+00:00,2026-04-23T12:33:10.853933+00:00,2026-04-23T12:33:25.308231+00:00,2026-04-23T12:33:10.238520+00:00,2026-04-23T12:33:24.707523+00:00,
171,DATA_SYNC,bootstrap_market_index_first_chain,SUCCESS,MANUAL,2026-04-23T12:28:19.251207+00:00,2026-04-23T12:28:19.265134+00:00,2026-04-23T12:28:33.999020+00:00,2026-04-23T12:28:18.635747+00:00,2026-04-23T12:28:33.394752+00:00,
170,DATA_BOOTSTRAP,bootstrap_instrument_calendar,SUCCESS,MANUAL,2026-04-23T11:54:15.546643+00:00,2026-04-23T11:54:15.580377+00:00,2026-04-23T11:57:43.594316+00:00,2026-04-23T11:54:14.929734+00:00,2026-04-23T11:57:42.969682+00:00,
169,DATA_SYNC,bootstrap_market_index_first_chain,SUCCESS,MANUAL,2026-04-23T11:21:45.530945+00:00,2026-04-23T11:21:45.543036+00:00,2026-04-23T11:21:47.399373+00:00,2026-04-23T11:21:44.872935+00:00,2026-04-23T11:21:46.752948+00:00,
168,DATA_BOOTSTRAP,bootstrap_instrument_calendar,SUCCESS,MANUAL,2026-04-23T11:18:25.673088+00:00,2026-04-23T11:18:25.686071+00:00,2026-04-23T11:21:44.247471+00:00,2026-04-23T11:18:25.027318+00:00,2026-04-23T11:21:43.600173+00:00,
167,RISK3,M7 Risk3 Apply Overlay,SUCCESS,MANUAL,2026-04-21T10:08:52.889241+00:00,2026-04-21T10:08:52.889241+00:00,2026-04-21T10:08:52.889241+00:00,2026-04-21T10:08:52.889241+00:00,2026-04-21T10:08:52.889241+00:00,
166,RISK3_TARGET,M7 Risk3 Adjusted Target,SUCCESS,MANUAL,2026-04-21T10:08:52.889241+00:00,2026-04-21T10:08:52.889241+00:00,2026-04-21T10:08:52.889241+00:00,2026-04-21T10:08:52.889241+00:00,2026-04-21T10:08:52.889241+00:00,
165,RISK3_TARGET,M7 Risk3 Adjusted Target,SUCCESS,MANUAL,2026-04-21T10:07:01.201601+00:00,2026-04-21T10:07:01.201601+00:00,2026-04-21T10:07:01.201601+00:00,2026-04-21T10:07:01.201601+00:00,2026-04-21T10:07:01.201601+00:00,
