trade_date,instrument_id,status,is_buy,created_size,executed_size,executed_price,executed_value,executed_commission
2024-04-01,1617,Submitted,True,50658.0,0.0,0.0,0.0,0.0
2024-04-01,1627,Submitted,True,76804.0,0.0,0.0,0.0,0.0
2024-04-01,1903,Submitted,True,23359.0,0.0,0.0,0.0,0.0
2024-04-01,2004,Submitted,True,31806.0,0.0,0.0,0.0,0.0
2024-04-01,2009,Submitted,True,24875.0,0.0,0.0,0.0,0.0
2024-04-01,2012,Submitted,True,56116.0,0.0,0.0,0.0,0.0
2024-04-01,2181,Submitted,True,38358.0,0.0,0.0,0.0,0.0
2024-04-01,2214,Submitted,True,20977.0,0.0,0.0,0.0,0.0
2024-04-01,2602,Submitted,True,46168.0,0.0,0.0,0.0,0.0
2024-04-01,2669,Submitted,True,19758.0,0.0,0.0,0.0,0.0
2024-04-01,3024,Submitted,True,10642.0,0.0,0.0,0.0,0.0
2024-04-01,3032,Submitted,True,23707.0,0.0,0.0,0.0,0.0
2024-04-01,3074,Submitted,True,30693.0,0.0,0.0,0.0,0.0
2024-04-01,3076,Submitted,True,36954.0,0.0,0.0,0.0,0.0
2024-04-01,3174,Submitted,True,32331.0,0.0,0.0,0.0,0.0
2024-04-01,3213,Submitted,True,43917.0,0.0,0.0,0.0,0.0
2024-04-01,3365,Submitted,True,41614.0,0.0,0.0,0.0,0.0
2024-04-01,4256,Submitted,True,54200.0,0.0,0.0,0.0,0.0
2024-04-01,4456,Submitted,True,62305.0,0.0,0.0,0.0,0.0
2024-04-01,4542,Submitted,True,32237.0,0.0,0.0,0.0,0.0
2024-04-01,4603,Submitted,True,14312.0,0.0,0.0,0.0,0.0
2024-04-01,4714,Submitted,True,30864.0,0.0,0.0,0.0,0.0
2024-04-01,4744,Submitted,True,73909.0,0.0,0.0,0.0,0.0
2024-04-01,5191,Submitted,True,48449.0,0.0,0.0,0.0,0.0
2024-04-01,5241,Submitted,True,47080.0,0.0,0.0,0.0,0.0
2024-04-01,5346,Submitted,True,56306.0,0.0,0.0,0.0,0.0
2024-04-01,7850,Submitted,True,17825.0,0.0,0.0,0.0,0.0
2024-04-01,7851,Submitted,True,28224.0,0.0,0.0,0.0,0.0
2024-04-01,7856,Submitted,True,14473.0,0.0,0.0,0.0,0.0
2024-04-01,7987,Submitted,True,14834.0,0.0,0.0,0.0,0.0
2024-04-01,1617,Accepted,True,50658.0,0.0,0.0,0.0,0.0
2024-04-01,1627,Accepted,True,76804.0,0.0,0.0,0.0,0.0
2024-04-01,1903,Accepted,True,23359.0,0.0,0.0,0.0,0.0
2024-04-01,2004,Accepted,True,31806.0,0.0,0.0,0.0,0.0
2024-04-01,2009,Accepted,True,24875.0,0.0,0.0,0.0,0.0
2024-04-01,2012,Accepted,True,56116.0,0.0,0.0,0.0,0.0
2024-04-01,2181,Accepted,True,38358.0,0.0,0.0,0.0,0.0
2024-04-01,2214,Accepted,True,20977.0,0.0,0.0,0.0,0.0
2024-04-01,2602,Accepted,True,46168.0,0.0,0.0,0.0,0.0
2024-04-01,2669,Accepted,True,19758.0,0.0,0.0,0.0,0.0
2024-04-01,3024,Accepted,True,10642.0,0.0,0.0,0.0,0.0
2024-04-01,3032,Accepted,True,23707.0,0.0,0.0,0.0,0.0
2024-04-01,3074,Accepted,True,30693.0,0.0,0.0,0.0,0.0
2024-04-01,3076,Accepted,True,36954.0,0.0,0.0,0.0,0.0
2024-04-01,3174,Accepted,True,32331.0,0.0,0.0,0.0,0.0
2024-04-01,3213,Accepted,True,43917.0,0.0,0.0,0.0,0.0
2024-04-01,3365,Accepted,True,41614.0,0.0,0.0,0.0,0.0
2024-04-01,4256,Accepted,True,54200.0,0.0,0.0,0.0,0.0
2024-04-01,4456,Accepted,True,62305.0,0.0,0.0,0.0,0.0
2024-04-01,4542,Accepted,True,32237.0,0.0,0.0,0.0,0.0
2024-04-01,4603,Accepted,True,14312.0,0.0,0.0,0.0,0.0
2024-04-01,4714,Accepted,True,30864.0,0.0,0.0,0.0,0.0
2024-04-01,4744,Accepted,True,73909.0,0.0,0.0,0.0,0.0
2024-04-01,5191,Accepted,True,48449.0,0.0,0.0,0.0,0.0
2024-04-01,5241,Accepted,True,47080.0,0.0,0.0,0.0,0.0
2024-04-01,5346,Accepted,True,56306.0,0.0,0.0,0.0,0.0
2024-04-01,7850,Accepted,True,17825.0,0.0,0.0,0.0,0.0
2024-04-01,7851,Accepted,True,28224.0,0.0,0.0,0.0,0.0
2024-04-01,7856,Accepted,True,14473.0,0.0,0.0,0.0,0.0
2024-04-01,7987,Accepted,True,14834.0,0.0,0.0,0.0,0.0
2024-04-01,1617,Completed,True,50658.0,50658.0,6.700000000000001,339408.60000000003,101.82257999999999
2024-04-01,1627,Completed,True,76804.0,76804.0,4.43,340241.72,102.07251599999998
2024-04-01,1903,Completed,True,23359.0,23359.0,14.060000000000002,328427.54000000004,98.528262
2024-04-01,2004,Completed,True,31806.0,31806.0,10.53,334917.18,100.47515399999997
2024-04-01,2009,Completed,True,24875.0,24875.0,13.58,337802.5,101.34075
2024-04-01,2012,Completed,True,56116.0,56116.0,6.15,345113.4,103.53402
2024-04-01,2181,Completed,True,38358.0,38358.0,8.75,335632.5,100.68974999999999
2024-04-01,2214,Completed,True,20977.0,20977.0,15.66,328499.82,98.54994599999999
2024-04-01,2602,Completed,True,46168.0,46168.0,7.49,345798.32,103.73949599999999
2024-04-01,2669,Completed,True,19758.0,19758.0,17.24,340627.92,102.18837599999998
2024-04-01,3024,Completed,True,10642.0,10642.0,31.230000000000004,332349.66000000003,99.70489799999999
2024-04-01,3032,Completed,True,23707.0,23707.0,13.33,316014.31,94.80429299999999
2024-04-01,3074,Completed,True,30693.0,30693.0,10.8,331484.4,99.44532
2024-04-01,3076,Completed,True,36954.0,36954.0,8.86,327412.44,98.223732
2024-04-01,3174,Completed,True,32331.0,32331.0,9.99,322986.69,96.896007
2024-04-01,3213,Completed,True,43917.0,43917.0,7.51,329816.67,98.94500099999999
2024-04-01,3365,Completed,True,41614.0,41614.0,7.699999999999999,320427.8,96.12834
2024-04-01,4256,Completed,True,54200.0,54200.0,6.02,326284.0,97.88519999999998
2024-04-01,4456,Completed,True,62305.0,62305.0,5.32,331462.60000000003,99.43878
2024-04-01,4542,Completed,True,32237.0,32237.0,10.14,326883.18,98.064954
2024-04-01,4603,Completed,True,14312.0,14312.0,22.509999999999998,322163.12,96.64893599999999
2024-04-01,4714,Completed,True,30864.0,30864.0,10.92,337034.88,101.110464
2024-04-01,4744,Completed,True,73909.0,73909.0,4.53,334807.77,100.442331
2024-04-01,5191,Completed,True,48449.0,48449.0,6.67,323154.83,96.94644899999999
2024-04-01,5241,Completed,True,47080.0,47080.0,7.01,330030.8,99.00923999999999
2024-04-01,5346,Completed,True,56306.0,56306.0,5.97,336146.82,100.84404599999999
2024-04-01,7850,Completed,True,17825.0,17825.0,18.32,326554.0,97.96619999999999
2024-04-01,7851,Completed,True,28224.0,28224.0,11.18,315544.32,94.663296
2024-04-01,7856,Completed,True,14473.0,14473.0,23.25,336497.25,100.949175
2024-04-01,7987,Completed,True,14834.0,14834.0,20.82,308843.88,92.65316399999999
